# India CPI inflation, % change on a year earlier. Source: OECD MEI via FRED CPALTT01INM659N.
# date = when the figure became public (month end + 12 days); as_of = month described.
# NOTE: this OECD index differs from MoSPI headline CPI-combined (May 2021: 5.26 here vs about 6.3).
date,cpi_yoy,as_of,source,source_url,retrieved_at
2000-02-12,2.62,2000-01-31,OECD MEI India CPI all items via FRED (CPALTT01INM659N); not MoSPI headline CPI-combined,https://fred.stlouisfed.org/graph/fredgraph.csv?id=CPALTT01INM659N,2026-10-04T00:29:44Z
2000-03-12,3.61,2000-02-29,OECD MEI India CPI all items via FRED (CPALTT01INM659N); not MoSPI headline CPI-combined,https://fred.stlouisfed.org/graph/fredgraph.csv?id=CPALTT01INM659N,2026-10-04T00:29:44Z
2000-04-12,4.83,2000-03-31,OECD MEI India CPI all items via FRED (CPALTT01INM659N); not MoSPI headline CPI-combined,https://fred.stlouisfed.org/graph/fredgraph.csv?id=CPALTT01INM659N,2026-10-04T00:29:44Z
2000-05-12,5.54,2000-04-30,OECD MEI India CPI all items via FRED (CPALTT01INM659N); not MoSPI headline CPI-combined,https://fred.stlouisfed.org/graph/fredgraph.csv?id=CPALTT01INM659N,2026-10-04T00:29:44Z
2000-06-12,5.01,2000-05-31,OECD MEI India CPI all items via FRED (CPALTT01INM659N); not MoSPI headline CPI-combined,https://fred.stlouisfed.org/graph/fredgraph.csv?id=CPALTT01INM659N,2026-10-04T00:29:44Z
2000-07-12,5.24,2000-06-30,OECD MEI India CPI all items via FRED (CPALTT01INM659N); not MoSPI headline CPI-combined,https://fred.stlouisfed.org/graph/fredgraph.csv?id=CPALTT01INM659N,2026-10-04T00:29:44Z
2000-08-12,4.95,2000-07-31,OECD MEI India CPI all items via FRED (CPALTT01INM659N); not MoSPI headline CPI-combined,https://fred.stlouisfed.org/graph/fredgraph.csv?id=CPALTT01INM659N,2026-10-04T00:29:44Z
2000-09-12,3.99,2000-08-31,OECD MEI India CPI all items via FRED (CPALTT01INM659N); not MoSPI headline CPI-combined,https://fred.stlouisfed.org/graph/fredgraph.csv?id=CPALTT01INM659N,2026-10-04T00:29:44Z
2000-10-12,3.5,2000-09-30,OECD MEI India CPI all items via FRED (CPALTT01INM659N); not MoSPI headline CPI-combined,https://fred.stlouisfed.org/graph/fredgraph.csv?id=CPALTT01INM659N,2026-10-04T00:29:44Z
2000-11-12,2.75,2000-10-31,OECD MEI India CPI all items via FRED (CPALTT01INM659N); not MoSPI headline CPI-combined,https://fred.stlouisfed.org/graph/fredgraph.csv?id=CPALTT01INM659N,2026-10-04T00:29:44Z
2000-12-12,2.74,2000-11-30,OECD MEI India CPI all items via FRED (CPALTT01INM659N); not MoSPI headline CPI-combined,https://fred.stlouisfed.org/graph/fredgraph.csv?id=CPALTT01INM659N,2026-10-04T00:29:44Z
2001-01-12,3.48,2000-12-31,OECD MEI India CPI all items via FRED (CPALTT01INM659N); not MoSPI headline CPI-combined,https://fred.stlouisfed.org/graph/fredgraph.csv?id=CPALTT01INM659N,2026-10-04T00:29:44Z
2001-02-12,3.25,2001-01-31,OECD MEI India CPI all items via FRED (CPALTT01INM659N); not MoSPI headline CPI-combined,https://fred.stlouisfed.org/graph/fredgraph.csv?id=CPALTT01INM659N,2026-10-04T00:29:44Z
2001-03-12,3.02,2001-02-28,OECD MEI India CPI all items via FRED (CPALTT01INM659N); not MoSPI headline CPI-combined,https://fred.stlouisfed.org/graph/fredgraph.csv?id=CPALTT01INM659N,2026-10-04T00:29:44Z
2001-04-12,2.53,2001-03-31,OECD MEI India CPI all items via FRED (CPALTT01INM659N); not MoSPI headline CPI-combined,https://fred.stlouisfed.org/graph/fredgraph.csv?id=CPALTT01INM659N,2026-10-04T00:29:44Z
2001-05-12,2.28,2001-04-30,OECD MEI India CPI all items via FRED (CPALTT01INM659N); not MoSPI headline CPI-combined,https://fred.stlouisfed.org/graph/fredgraph.csv?id=CPALTT01INM659N,2026-10-04T00:29:44Z
2001-06-12,2.5,2001-05-31,OECD MEI India CPI all items via FRED (CPALTT01INM659N); not MoSPI headline CPI-combined,https://fred.stlouisfed.org/graph/fredgraph.csv?id=CPALTT01INM659N,2026-10-04T00:29:44Z
2001-07-12,3.39,2001-06-30,OECD MEI India CPI all items via FRED (CPALTT01INM659N); not MoSPI headline CPI-combined,https://fred.stlouisfed.org/graph/fredgraph.csv?id=CPALTT01INM659N,2026-10-04T00:29:44Z
2001-08-12,4.04,2001-07-31,OECD MEI India CPI all items via FRED (CPALTT01INM659N); not MoSPI headline CPI-combined,https://fred.stlouisfed.org/graph/fredgraph.csv?id=CPALTT01INM659N,2026-10-04T00:29:44Z
2001-09-12,5.19,2001-08-31,OECD MEI India CPI all items via FRED (CPALTT01INM659N); not MoSPI headline CPI-combined,https://fred.stlouisfed.org/graph/fredgraph.csv?id=CPALTT01INM659N,2026-10-04T00:29:44Z
2001-10-12,4.73,2001-09-30,OECD MEI India CPI all items via FRED (CPALTT01INM659N); not MoSPI headline CPI-combined,https://fred.stlouisfed.org/graph/fredgraph.csv?id=CPALTT01INM659N,2026-10-04T00:29:44Z
2001-11-12,4.23,2001-10-31,OECD MEI India CPI all items via FRED (CPALTT01INM659N); not MoSPI headline CPI-combined,https://fred.stlouisfed.org/graph/fredgraph.csv?id=CPALTT01INM659N,2026-10-04T00:29:44Z
2001-12-12,4.89,2001-11-30,OECD MEI India CPI all items via FRED (CPALTT01INM659N); not MoSPI headline CPI-combined,https://fred.stlouisfed.org/graph/fredgraph.csv?id=CPALTT01INM659N,2026-10-04T00:29:44Z
2002-01-12,5.16,2001-12-31,OECD MEI India CPI all items via FRED (CPALTT01INM659N); not MoSPI headline CPI-combined,https://fred.stlouisfed.org/graph/fredgraph.csv?id=CPALTT01INM659N,2026-10-04T00:29:44Z
2002-02-12,4.94,2002-01-31,OECD MEI India CPI all items via FRED (CPALTT01INM659N); not MoSPI headline CPI-combined,https://fred.stlouisfed.org/graph/fredgraph.csv?id=CPALTT01INM659N,2026-10-04T00:29:44Z
2002-03-12,5.19,2002-02-28,OECD MEI India CPI all items via FRED (CPALTT01INM659N); not MoSPI headline CPI-combined,https://fred.stlouisfed.org/graph/fredgraph.csv?id=CPALTT01INM659N,2026-10-04T00:29:44Z
2002-04-12,5.17,2002-03-31,OECD MEI India CPI all items via FRED (CPALTT01INM659N); not MoSPI headline CPI-combined,https://fred.stlouisfed.org/graph/fredgraph.csv?id=CPALTT01INM659N,2026-10-04T00:29:44Z
2002-05-12,4.69,2002-04-30,OECD MEI India CPI all items via FRED (CPALTT01INM659N); not MoSPI headline CPI-combined,https://fred.stlouisfed.org/graph/fredgraph.csv?id=CPALTT01INM659N,2026-10-04T00:29:44Z
2002-06-12,4.66,2002-05-31,OECD MEI India CPI all items via FRED (CPALTT01INM659N); not MoSPI headline CPI-combined,https://fred.stlouisfed.org/graph/fredgraph.csv?id=CPALTT01INM659N,2026-10-04T00:29:44Z
2002-07-12,4.16,2002-06-30,OECD MEI India CPI all items via FRED (CPALTT01INM659N); not MoSPI headline CPI-combined,https://fred.stlouisfed.org/graph/fredgraph.csv?id=CPALTT01INM659N,2026-10-04T00:29:44Z
2002-08-12,3.89,2002-07-31,OECD MEI India CPI all items via FRED (CPALTT01INM659N); not MoSPI headline CPI-combined,https://fred.stlouisfed.org/graph/fredgraph.csv?id=CPALTT01INM659N,2026-10-04T00:29:44Z
2002-09-12,3.86,2002-08-31,OECD MEI India CPI all items via FRED (CPALTT01INM659N); not MoSPI headline CPI-combined,https://fred.stlouisfed.org/graph/fredgraph.csv?id=CPALTT01INM659N,2026-10-04T00:29:44Z
2002-10-12,4.3,2002-09-30,OECD MEI India CPI all items via FRED (CPALTT01INM659N); not MoSPI headline CPI-combined,https://fred.stlouisfed.org/graph/fredgraph.csv?id=CPALTT01INM659N,2026-10-04T00:29:44Z
2002-11-12,4.06,2002-10-31,OECD MEI India CPI all items via FRED (CPALTT01INM659N); not MoSPI headline CPI-combined,https://fred.stlouisfed.org/graph/fredgraph.csv?id=CPALTT01INM659N,2026-10-04T00:29:44Z
2002-12-12,3.6,2002-11-30,OECD MEI India CPI all items via FRED (CPALTT01INM659N); not MoSPI headline CPI-combined,https://fred.stlouisfed.org/graph/fredgraph.csv?id=CPALTT01INM659N,2026-10-04T00:29:44Z
2003-01-12,3.2,2002-12-31,OECD MEI India CPI all items via FRED (CPALTT01INM659N); not MoSPI headline CPI-combined,https://fred.stlouisfed.org/graph/fredgraph.csv?id=CPALTT01INM659N,2026-10-04T00:29:44Z
2003-02-12,3.43,2003-01-31,OECD MEI India CPI all items via FRED (CPALTT01INM659N); not MoSPI headline CPI-combined,https://fred.stlouisfed.org/graph/fredgraph.csv?id=CPALTT01INM659N,2026-10-04T00:29:44Z
2003-03-12,3.86,2003-02-28,OECD MEI India CPI all items via FRED (CPALTT01INM659N); not MoSPI headline CPI-combined,https://fred.stlouisfed.org/graph/fredgraph.csv?id=CPALTT01INM659N,2026-10-04T00:29:44Z
2003-04-12,4.06,2003-03-31,OECD MEI India CPI all items via FRED (CPALTT01INM659N); not MoSPI headline CPI-combined,https://fred.stlouisfed.org/graph/fredgraph.csv?id=CPALTT01INM659N,2026-10-04T00:29:44Z
2003-05-12,5.12,2003-04-30,OECD MEI India CPI all items via FRED (CPALTT01INM659N); not MoSPI headline CPI-combined,https://fred.stlouisfed.org/graph/fredgraph.csv?id=CPALTT01INM659N,2026-10-04T00:29:44Z
2003-06-12,4.66,2003-05-31,OECD MEI India CPI all items via FRED (CPALTT01INM659N); not MoSPI headline CPI-combined,https://fred.stlouisfed.org/graph/fredgraph.csv?id=CPALTT01INM659N,2026-10-04T00:29:44Z
2003-07-12,4.41,2003-06-30,OECD MEI India CPI all items via FRED (CPALTT01INM659N); not MoSPI headline CPI-combined,https://fred.stlouisfed.org/graph/fredgraph.csv?id=CPALTT01INM659N,2026-10-04T00:29:44Z
2003-08-12,4.16,2003-07-31,OECD MEI India CPI all items via FRED (CPALTT01INM659N); not MoSPI headline CPI-combined,https://fred.stlouisfed.org/graph/fredgraph.csv?id=CPALTT01INM659N,2026-10-04T00:29:44Z
2003-09-12,3.1,2003-08-31,OECD MEI India CPI all items via FRED (CPALTT01INM659N); not MoSPI headline CPI-combined,https://fred.stlouisfed.org/graph/fredgraph.csv?id=CPALTT01INM659N,2026-10-04T00:29:44Z
2003-10-12,2.89,2003-09-30,OECD MEI India CPI all items via FRED (CPALTT01INM659N); not MoSPI headline CPI-combined,https://fred.stlouisfed.org/graph/fredgraph.csv?id=CPALTT01INM659N,2026-10-04T00:29:44Z
2003-11-12,3.29,2003-10-31,OECD MEI India CPI all items via FRED (CPALTT01INM659N); not MoSPI headline CPI-combined,https://fred.stlouisfed.org/graph/fredgraph.csv?id=CPALTT01INM659N,2026-10-04T00:29:44Z
2003-12-12,3.07,2003-11-30,OECD MEI India CPI all items via FRED (CPALTT01INM659N); not MoSPI headline CPI-combined,https://fred.stlouisfed.org/graph/fredgraph.csv?id=CPALTT01INM659N,2026-10-04T00:29:44Z
2004-01-12,3.72,2003-12-31,OECD MEI India CPI all items via FRED (CPALTT01INM659N); not MoSPI headline CPI-combined,https://fred.stlouisfed.org/graph/fredgraph.csv?id=CPALTT01INM659N,2026-10-04T00:29:44Z
2004-02-12,4.35,2004-01-31,OECD MEI India CPI all items via FRED (CPALTT01INM659N); not MoSPI headline CPI-combined,https://fred.stlouisfed.org/graph/fredgraph.csv?id=CPALTT01INM659N,2026-10-04T00:29:44Z
2004-03-12,4.13,2004-02-29,OECD MEI India CPI all items via FRED (CPALTT01INM659N); not MoSPI headline CPI-combined,https://fred.stlouisfed.org/graph/fredgraph.csv?id=CPALTT01INM659N,2026-10-04T00:29:44Z
2004-04-12,3.49,2004-03-31,OECD MEI India CPI all items via FRED (CPALTT01INM659N); not MoSPI headline CPI-combined,https://fred.stlouisfed.org/graph/fredgraph.csv?id=CPALTT01INM659N,2026-10-04T00:29:44Z
2004-05-12,2.23,2004-04-30,OECD MEI India CPI all items via FRED (CPALTT01INM659N); not MoSPI headline CPI-combined,https://fred.stlouisfed.org/graph/fredgraph.csv?id=CPALTT01INM659N,2026-10-04T00:29:44Z
2004-06-12,2.83,2004-05-31,OECD MEI India CPI all items via FRED (CPALTT01INM659N); not MoSPI headline CPI-combined,https://fred.stlouisfed.org/graph/fredgraph.csv?id=CPALTT01INM659N,2026-10-04T00:29:44Z
2004-07-12,3.02,2004-06-30,OECD MEI India CPI all items via FRED (CPALTT01INM659N); not MoSPI headline CPI-combined,https://fred.stlouisfed.org/graph/fredgraph.csv?id=CPALTT01INM659N,2026-10-04T00:29:44Z
2004-08-12,3.19,2004-07-31,OECD MEI India CPI all items via FRED (CPALTT01INM659N); not MoSPI headline CPI-combined,https://fred.stlouisfed.org/graph/fredgraph.csv?id=CPALTT01INM659N,2026-10-04T00:29:44Z
2004-09-12,4.61,2004-08-31,OECD MEI India CPI all items via FRED (CPALTT01INM659N); not MoSPI headline CPI-combined,https://fred.stlouisfed.org/graph/fredgraph.csv?id=CPALTT01INM659N,2026-10-04T00:29:44Z
2004-10-12,4.81,2004-09-30,OECD MEI India CPI all items via FRED (CPALTT01INM659N); not MoSPI headline CPI-combined,https://fred.stlouisfed.org/graph/fredgraph.csv?id=CPALTT01INM659N,2026-10-04T00:29:44Z
2004-11-12,4.57,2004-10-31,OECD MEI India CPI all items via FRED (CPALTT01INM659N); not MoSPI headline CPI-combined,https://fred.stlouisfed.org/graph/fredgraph.csv?id=CPALTT01INM659N,2026-10-04T00:29:44Z
2004-12-12,4.17,2004-11-30,OECD MEI India CPI all items via FRED (CPALTT01INM659N); not MoSPI headline CPI-combined,https://fred.stlouisfed.org/graph/fredgraph.csv?id=CPALTT01INM659N,2026-10-04T00:29:44Z
2005-01-12,3.78,2004-12-31,OECD MEI India CPI all items via FRED (CPALTT01INM659N); not MoSPI headline CPI-combined,https://fred.stlouisfed.org/graph/fredgraph.csv?id=CPALTT01INM659N,2026-10-04T00:29:44Z
2005-02-12,4.37,2005-01-31,OECD MEI India CPI all items via FRED (CPALTT01INM659N); not MoSPI headline CPI-combined,https://fred.stlouisfed.org/graph/fredgraph.csv?id=CPALTT01INM659N,2026-10-04T00:29:44Z
2005-03-12,4.17,2005-02-28,OECD MEI India CPI all items via FRED (CPALTT01INM659N); not MoSPI headline CPI-combined,https://fred.stlouisfed.org/graph/fredgraph.csv?id=CPALTT01INM659N,2026-10-04T00:29:44Z
2005-04-12,4.17,2005-03-31,OECD MEI India CPI all items via FRED (CPALTT01INM659N); not MoSPI headline CPI-combined,https://fred.stlouisfed.org/graph/fredgraph.csv?id=CPALTT01INM659N,2026-10-04T00:29:44Z
2005-05-12,4.96,2005-04-30,OECD MEI India CPI all items via FRED (CPALTT01INM659N); not MoSPI headline CPI-combined,https://fred.stlouisfed.org/graph/fredgraph.csv?id=CPALTT01INM659N,2026-10-04T00:29:44Z
2005-06-12,3.74,2005-05-31,OECD MEI India CPI all items via FRED (CPALTT01INM659N); not MoSPI headline CPI-combined,https://fred.stlouisfed.org/graph/fredgraph.csv?id=CPALTT01INM659N,2026-10-04T00:29:44Z
2005-07-12,3.32,2005-06-30,OECD MEI India CPI all items via FRED (CPALTT01INM659N); not MoSPI headline CPI-combined,https://fred.stlouisfed.org/graph/fredgraph.csv?id=CPALTT01INM659N,2026-10-04T00:29:44Z
2005-08-12,4.06,2005-07-31,OECD MEI India CPI all items via FRED (CPALTT01INM659N); not MoSPI headline CPI-combined,https://fred.stlouisfed.org/graph/fredgraph.csv?id=CPALTT01INM659N,2026-10-04T00:29:44Z
2005-09-12,3.45,2005-08-31,OECD MEI India CPI all items via FRED (CPALTT01INM659N); not MoSPI headline CPI-combined,https://fred.stlouisfed.org/graph/fredgraph.csv?id=CPALTT01INM659N,2026-10-04T00:29:44Z
2005-10-12,3.63,2005-09-30,OECD MEI India CPI all items via FRED (CPALTT01INM659N); not MoSPI headline CPI-combined,https://fred.stlouisfed.org/graph/fredgraph.csv?id=CPALTT01INM659N,2026-10-04T00:29:44Z
2005-11-12,4.18,2005-10-31,OECD MEI India CPI all items via FRED (CPALTT01INM659N); not MoSPI headline CPI-combined,https://fred.stlouisfed.org/graph/fredgraph.csv?id=CPALTT01INM659N,2026-10-04T00:29:44Z
2005-12-12,5.33,2005-11-30,OECD MEI India CPI all items via FRED (CPALTT01INM659N); not MoSPI headline CPI-combined,https://fred.stlouisfed.org/graph/fredgraph.csv?id=CPALTT01INM659N,2026-10-04T00:29:44Z
2006-01-12,5.57,2005-12-31,OECD MEI India CPI all items via FRED (CPALTT01INM659N); not MoSPI headline CPI-combined,https://fred.stlouisfed.org/graph/fredgraph.csv?id=CPALTT01INM659N,2026-10-04T00:29:44Z
2006-02-12,4.37,2006-01-31,OECD MEI India CPI all items via FRED (CPALTT01INM659N); not MoSPI headline CPI-combined,https://fred.stlouisfed.org/graph/fredgraph.csv?id=CPALTT01INM659N,2026-10-04T00:29:44Z
2006-03-12,4.57,2006-02-28,OECD MEI India CPI all items via FRED (CPALTT01INM659N); not MoSPI headline CPI-combined,https://fred.stlouisfed.org/graph/fredgraph.csv?id=CPALTT01INM659N,2026-10-04T00:29:44Z
2006-04-12,4.57,2006-03-31,OECD MEI India CPI all items via FRED (CPALTT01INM659N); not MoSPI headline CPI-combined,https://fred.stlouisfed.org/graph/fredgraph.csv?id=CPALTT01INM659N,2026-10-04T00:29:44Z
2006-05-12,4.65,2006-04-30,OECD MEI India CPI all items via FRED (CPALTT01INM659N); not MoSPI headline CPI-combined,https://fred.stlouisfed.org/graph/fredgraph.csv?id=CPALTT01INM659N,2026-10-04T00:29:44Z
2006-06-12,5.93,2006-05-31,OECD MEI India CPI all items via FRED (CPALTT01INM659N); not MoSPI headline CPI-combined,https://fred.stlouisfed.org/graph/fredgraph.csv?id=CPALTT01INM659N,2026-10-04T00:29:44Z
2006-07-12,7.27,2006-06-30,OECD MEI India CPI all items via FRED (CPALTT01INM659N); not MoSPI headline CPI-combined,https://fred.stlouisfed.org/graph/fredgraph.csv?id=CPALTT01INM659N,2026-10-04T00:29:44Z
2006-08-12,6.33,2006-07-31,OECD MEI India CPI all items via FRED (CPALTT01INM659N); not MoSPI headline CPI-combined,https://fred.stlouisfed.org/graph/fredgraph.csv?id=CPALTT01INM659N,2026-10-04T00:29:44Z
2006-09-12,5.94,2006-08-31,OECD MEI India CPI all items via FRED (CPALTT01INM659N); not MoSPI headline CPI-combined,https://fred.stlouisfed.org/graph/fredgraph.csv?id=CPALTT01INM659N,2026-10-04T00:29:44Z
2006-10-12,6.4,2006-09-30,OECD MEI India CPI all items via FRED (CPALTT01INM659N); not MoSPI headline CPI-combined,https://fred.stlouisfed.org/graph/fredgraph.csv?id=CPALTT01INM659N,2026-10-04T00:29:44Z
2006-11-12,6.92,2006-10-31,OECD MEI India CPI all items via FRED (CPALTT01INM659N); not MoSPI headline CPI-combined,https://fred.stlouisfed.org/graph/fredgraph.csv?id=CPALTT01INM659N,2026-10-04T00:29:44Z
2006-12-12,5.95,2006-11-30,OECD MEI India CPI all items via FRED (CPALTT01INM659N); not MoSPI headline CPI-combined,https://fred.stlouisfed.org/graph/fredgraph.csv?id=CPALTT01INM659N,2026-10-04T00:29:44Z
2007-01-12,6.53,2006-12-31,OECD MEI India CPI all items via FRED (CPALTT01INM659N); not MoSPI headline CPI-combined,https://fred.stlouisfed.org/graph/fredgraph.csv?id=CPALTT01INM659N,2026-10-04T00:29:44Z
2007-02-12,6.72,2007-01-31,OECD MEI India CPI all items via FRED (CPALTT01INM659N); not MoSPI headline CPI-combined,https://fred.stlouisfed.org/graph/fredgraph.csv?id=CPALTT01INM659N,2026-10-04T00:29:44Z
2007-03-12,7.56,2007-02-28,OECD MEI India CPI all items via FRED (CPALTT01INM659N); not MoSPI headline CPI-combined,https://fred.stlouisfed.org/graph/fredgraph.csv?id=CPALTT01INM659N,2026-10-04T00:29:44Z
2007-04-12,6.72,2007-03-31,OECD MEI India CPI all items via FRED (CPALTT01INM659N); not MoSPI headline CPI-combined,https://fred.stlouisfed.org/graph/fredgraph.csv?id=CPALTT01INM659N,2026-10-04T00:29:44Z
2007-05-12,6.67,2007-04-30,OECD MEI India CPI all items via FRED (CPALTT01INM659N); not MoSPI headline CPI-combined,https://fred.stlouisfed.org/graph/fredgraph.csv?id=CPALTT01INM659N,2026-10-04T00:29:44Z
2007-06-12,6.61,2007-05-31,OECD MEI India CPI all items via FRED (CPALTT01INM659N); not MoSPI headline CPI-combined,https://fred.stlouisfed.org/graph/fredgraph.csv?id=CPALTT01INM659N,2026-10-04T00:29:44Z
2007-07-12,5.69,2007-06-30,OECD MEI India CPI all items via FRED (CPALTT01INM659N); not MoSPI headline CPI-combined,https://fred.stlouisfed.org/graph/fredgraph.csv?id=CPALTT01INM659N,2026-10-04T00:29:44Z
2007-08-12,6.45,2007-07-31,OECD MEI India CPI all items via FRED (CPALTT01INM659N); not MoSPI headline CPI-combined,https://fred.stlouisfed.org/graph/fredgraph.csv?id=CPALTT01INM659N,2026-10-04T00:29:44Z
2007-09-12,7.26,2007-08-31,OECD MEI India CPI all items via FRED (CPALTT01INM659N); not MoSPI headline CPI-combined,https://fred.stlouisfed.org/graph/fredgraph.csv?id=CPALTT01INM659N,2026-10-04T00:29:44Z
2007-10-12,6.4,2007-09-30,OECD MEI India CPI all items via FRED (CPALTT01INM659N); not MoSPI headline CPI-combined,https://fred.stlouisfed.org/graph/fredgraph.csv?id=CPALTT01INM659N,2026-10-04T00:29:44Z
2007-11-12,5.51,2007-10-31,OECD MEI India CPI all items via FRED (CPALTT01INM659N); not MoSPI headline CPI-combined,https://fred.stlouisfed.org/graph/fredgraph.csv?id=CPALTT01INM659N,2026-10-04T00:29:44Z
2007-12-12,5.51,2007-11-30,OECD MEI India CPI all items via FRED (CPALTT01INM659N); not MoSPI headline CPI-combined,https://fred.stlouisfed.org/graph/fredgraph.csv?id=CPALTT01INM659N,2026-10-04T00:29:44Z
2008-01-12,5.51,2007-12-31,OECD MEI India CPI all items via FRED (CPALTT01INM659N); not MoSPI headline CPI-combined,https://fred.stlouisfed.org/graph/fredgraph.csv?id=CPALTT01INM659N,2026-10-04T00:29:44Z
2008-02-12,5.51,2008-01-31,OECD MEI India CPI all items via FRED (CPALTT01INM659N); not MoSPI headline CPI-combined,https://fred.stlouisfed.org/graph/fredgraph.csv?id=CPALTT01INM659N,2026-10-04T00:29:44Z
2008-03-12,5.47,2008-02-29,OECD MEI India CPI all items via FRED (CPALTT01INM659N); not MoSPI headline CPI-combined,https://fred.stlouisfed.org/graph/fredgraph.csv?id=CPALTT01INM659N,2026-10-04T00:29:44Z
2008-04-12,7.87,2008-03-31,OECD MEI India CPI all items via FRED (CPALTT01INM659N); not MoSPI headline CPI-combined,https://fred.stlouisfed.org/graph/fredgraph.csv?id=CPALTT01INM659N,2026-10-04T00:29:44Z
2008-05-12,7.81,2008-04-30,OECD MEI India CPI all items via FRED (CPALTT01INM659N); not MoSPI headline CPI-combined,https://fred.stlouisfed.org/graph/fredgraph.csv?id=CPALTT01INM659N,2026-10-04T00:29:44Z
2008-06-12,7.75,2008-05-31,OECD MEI India CPI all items via FRED (CPALTT01INM659N); not MoSPI headline CPI-combined,https://fred.stlouisfed.org/graph/fredgraph.csv?id=CPALTT01INM659N,2026-10-04T00:29:44Z
2008-07-12,7.69,2008-06-30,OECD MEI India CPI all items via FRED (CPALTT01INM659N); not MoSPI headline CPI-combined,https://fred.stlouisfed.org/graph/fredgraph.csv?id=CPALTT01INM659N,2026-10-04T00:29:44Z
2008-08-12,8.33,2008-07-31,OECD MEI India CPI all items via FRED (CPALTT01INM659N); not MoSPI headline CPI-combined,https://fred.stlouisfed.org/graph/fredgraph.csv?id=CPALTT01INM659N,2026-10-04T00:29:44Z
2008-09-12,9.02,2008-08-31,OECD MEI India CPI all items via FRED (CPALTT01INM659N); not MoSPI headline CPI-combined,https://fred.stlouisfed.org/graph/fredgraph.csv?id=CPALTT01INM659N,2026-10-04T00:29:44Z
2008-10-12,9.77,2008-09-30,OECD MEI India CPI all items via FRED (CPALTT01INM659N); not MoSPI headline CPI-combined,https://fred.stlouisfed.org/graph/fredgraph.csv?id=CPALTT01INM659N,2026-10-04T00:29:44Z
2008-11-12,10.45,2008-10-31,OECD MEI India CPI all items via FRED (CPALTT01INM659N); not MoSPI headline CPI-combined,https://fred.stlouisfed.org/graph/fredgraph.csv?id=CPALTT01INM659N,2026-10-04T00:29:44Z
2008-12-12,10.45,2008-11-30,OECD MEI India CPI all items via FRED (CPALTT01INM659N); not MoSPI headline CPI-combined,https://fred.stlouisfed.org/graph/fredgraph.csv?id=CPALTT01INM659N,2026-10-04T00:29:44Z
2009-01-12,9.7,2008-12-31,OECD MEI India CPI all items via FRED (CPALTT01INM659N); not MoSPI headline CPI-combined,https://fred.stlouisfed.org/graph/fredgraph.csv?id=CPALTT01INM659N,2026-10-04T00:29:44Z
2009-02-12,10.45,2009-01-31,OECD MEI India CPI all items via FRED (CPALTT01INM659N); not MoSPI headline CPI-combined,https://fred.stlouisfed.org/graph/fredgraph.csv?id=CPALTT01INM659N,2026-10-04T00:29:44Z
2009-03-12,9.63,2009-02-28,OECD MEI India CPI all items via FRED (CPALTT01INM659N); not MoSPI headline CPI-combined,https://fred.stlouisfed.org/graph/fredgraph.csv?id=CPALTT01INM659N,2026-10-04T00:29:44Z
2009-04-12,8.03,2009-03-31,OECD MEI India CPI all items via FRED (CPALTT01INM659N); not MoSPI headline CPI-combined,https://fred.stlouisfed.org/graph/fredgraph.csv?id=CPALTT01INM659N,2026-10-04T00:29:44Z
2009-05-12,8.7,2009-04-30,OECD MEI India CPI all items via FRED (CPALTT01INM659N); not MoSPI headline CPI-combined,https://fred.stlouisfed.org/graph/fredgraph.csv?id=CPALTT01INM659N,2026-10-04T00:29:44Z
2009-06-12,8.63,2009-05-31,OECD MEI India CPI all items via FRED (CPALTT01INM659N); not MoSPI headline CPI-combined,https://fred.stlouisfed.org/graph/fredgraph.csv?id=CPALTT01INM659N,2026-10-04T00:29:44Z
2009-07-12,9.29,2009-06-30,OECD MEI India CPI all items via FRED (CPALTT01INM659N); not MoSPI headline CPI-combined,https://fred.stlouisfed.org/graph/fredgraph.csv?id=CPALTT01INM659N,2026-10-04T00:29:44Z
2009-08-12,11.89,2009-07-31,OECD MEI India CPI all items via FRED (CPALTT01INM659N); not MoSPI headline CPI-combined,https://fred.stlouisfed.org/graph/fredgraph.csv?id=CPALTT01INM659N,2026-10-04T00:29:44Z
2009-09-12,11.72,2009-08-31,OECD MEI India CPI all items via FRED (CPALTT01INM659N); not MoSPI headline CPI-combined,https://fred.stlouisfed.org/graph/fredgraph.csv?id=CPALTT01INM659N,2026-10-04T00:29:44Z
2009-10-12,11.64,2009-09-30,OECD MEI India CPI all items via FRED (CPALTT01INM659N); not MoSPI headline CPI-combined,https://fred.stlouisfed.org/graph/fredgraph.csv?id=CPALTT01INM659N,2026-10-04T00:29:44Z
2009-11-12,11.49,2009-10-31,OECD MEI India CPI all items via FRED (CPALTT01INM659N); not MoSPI headline CPI-combined,https://fred.stlouisfed.org/graph/fredgraph.csv?id=CPALTT01INM659N,2026-10-04T00:29:44Z
2009-12-12,13.51,2009-11-30,OECD MEI India CPI all items via FRED (CPALTT01INM659N); not MoSPI headline CPI-combined,https://fred.stlouisfed.org/graph/fredgraph.csv?id=CPALTT01INM659N,2026-10-04T00:29:44Z
2010-01-12,14.97,2009-12-31,OECD MEI India CPI all items via FRED (CPALTT01INM659N); not MoSPI headline CPI-combined,https://fred.stlouisfed.org/graph/fredgraph.csv?id=CPALTT01INM659N,2026-10-04T00:29:44Z
2010-02-12,16.22,2010-01-31,OECD MEI India CPI all items via FRED (CPALTT01INM659N); not MoSPI headline CPI-combined,https://fred.stlouisfed.org/graph/fredgraph.csv?id=CPALTT01INM659N,2026-10-04T00:29:44Z
2010-03-12,14.86,2010-02-28,OECD MEI India CPI all items via FRED (CPALTT01INM659N); not MoSPI headline CPI-combined,https://fred.stlouisfed.org/graph/fredgraph.csv?id=CPALTT01INM659N,2026-10-04T00:29:44Z
2010-04-12,14.86,2010-03-31,OECD MEI India CPI all items via FRED (CPALTT01INM659N); not MoSPI headline CPI-combined,https://fred.stlouisfed.org/graph/fredgraph.csv?id=CPALTT01INM659N,2026-10-04T00:29:44Z
2010-05-12,13.33,2010-04-30,OECD MEI India CPI all items via FRED (CPALTT01INM659N); not MoSPI headline CPI-combined,https://fred.stlouisfed.org/graph/fredgraph.csv?id=CPALTT01INM659N,2026-10-04T00:29:44Z
2010-06-12,13.91,2010-05-31,OECD MEI India CPI all items via FRED (CPALTT01INM659N); not MoSPI headline CPI-combined,https://fred.stlouisfed.org/graph/fredgraph.csv?id=CPALTT01INM659N,2026-10-04T00:29:44Z
2010-07-12,13.73,2010-06-30,OECD MEI India CPI all items via FRED (CPALTT01INM659N); not MoSPI headline CPI-combined,https://fred.stlouisfed.org/graph/fredgraph.csv?id=CPALTT01INM659N,2026-10-04T00:29:44Z
2010-08-12,11.25,2010-07-31,OECD MEI India CPI all items via FRED (CPALTT01INM659N); not MoSPI headline CPI-combined,https://fred.stlouisfed.org/graph/fredgraph.csv?id=CPALTT01INM659N,2026-10-04T00:29:44Z
2010-09-12,9.88,2010-08-31,OECD MEI India CPI all items via FRED (CPALTT01INM659N); not MoSPI headline CPI-combined,https://fred.stlouisfed.org/graph/fredgraph.csv?id=CPALTT01INM659N,2026-10-04T00:29:44Z
2010-10-12,9.82,2010-09-30,OECD MEI India CPI all items via FRED (CPALTT01INM659N); not MoSPI headline CPI-combined,https://fred.stlouisfed.org/graph/fredgraph.csv?id=CPALTT01INM659N,2026-10-04T00:29:44Z
2010-11-12,9.7,2010-10-31,OECD MEI India CPI all items via FRED (CPALTT01INM659N); not MoSPI headline CPI-combined,https://fred.stlouisfed.org/graph/fredgraph.csv?id=CPALTT01INM659N,2026-10-04T00:29:44Z
2010-12-12,8.33,2010-11-30,OECD MEI India CPI all items via FRED (CPALTT01INM659N); not MoSPI headline CPI-combined,https://fred.stlouisfed.org/graph/fredgraph.csv?id=CPALTT01INM659N,2026-10-04T00:29:44Z
2011-01-12,9.47,2010-12-31,OECD MEI India CPI all items via FRED (CPALTT01INM659N); not MoSPI headline CPI-combined,https://fred.stlouisfed.org/graph/fredgraph.csv?id=CPALTT01INM659N,2026-10-04T00:29:44Z
2011-02-12,9.3,2011-01-31,OECD MEI India CPI all items via FRED (CPALTT01INM659N); not MoSPI headline CPI-combined,https://fred.stlouisfed.org/graph/fredgraph.csv?id=CPALTT01INM659N,2026-10-04T00:29:44Z
2011-03-12,8.82,2011-02-28,OECD MEI India CPI all items via FRED (CPALTT01INM659N); not MoSPI headline CPI-combined,https://fred.stlouisfed.org/graph/fredgraph.csv?id=CPALTT01INM659N,2026-10-04T00:29:44Z
2011-04-12,8.82,2011-03-31,OECD MEI India CPI all items via FRED (CPALTT01INM659N); not MoSPI headline CPI-combined,https://fred.stlouisfed.org/graph/fredgraph.csv?id=CPALTT01INM659N,2026-10-04T00:29:44Z
2011-05-12,9.41,2011-04-30,OECD MEI India CPI all items via FRED (CPALTT01INM659N); not MoSPI headline CPI-combined,https://fred.stlouisfed.org/graph/fredgraph.csv?id=CPALTT01INM659N,2026-10-04T00:29:44Z
2011-06-12,8.72,2011-05-31,OECD MEI India CPI all items via FRED (CPALTT01INM659N); not MoSPI headline CPI-combined,https://fred.stlouisfed.org/graph/fredgraph.csv?id=CPALTT01INM659N,2026-10-04T00:29:44Z
2011-07-12,8.62,2011-06-30,OECD MEI India CPI all items via FRED (CPALTT01INM659N); not MoSPI headline CPI-combined,https://fred.stlouisfed.org/graph/fredgraph.csv?id=CPALTT01INM659N,2026-10-04T00:29:44Z
2011-08-12,8.43,2011-07-31,OECD MEI India CPI all items via FRED (CPALTT01INM659N); not MoSPI headline CPI-combined,https://fred.stlouisfed.org/graph/fredgraph.csv?id=CPALTT01INM659N,2026-10-04T00:29:44Z
2011-09-12,8.99,2011-08-31,OECD MEI India CPI all items via FRED (CPALTT01INM659N); not MoSPI headline CPI-combined,https://fred.stlouisfed.org/graph/fredgraph.csv?id=CPALTT01INM659N,2026-10-04T00:29:44Z
2011-10-12,10.06,2011-09-30,OECD MEI India CPI all items via FRED (CPALTT01INM659N); not MoSPI headline CPI-combined,https://fred.stlouisfed.org/graph/fredgraph.csv?id=CPALTT01INM659N,2026-10-04T00:29:44Z
2011-11-12,9.39,2011-10-31,OECD MEI India CPI all items via FRED (CPALTT01INM659N); not MoSPI headline CPI-combined,https://fred.stlouisfed.org/graph/fredgraph.csv?id=CPALTT01INM659N,2026-10-04T00:29:44Z
2011-12-12,9.34,2011-11-30,OECD MEI India CPI all items via FRED (CPALTT01INM659N); not MoSPI headline CPI-combined,https://fred.stlouisfed.org/graph/fredgraph.csv?id=CPALTT01INM659N,2026-10-04T00:29:44Z
2012-01-12,6.49,2011-12-31,OECD MEI India CPI all items via FRED (CPALTT01INM659N); not MoSPI headline CPI-combined,https://fred.stlouisfed.org/graph/fredgraph.csv?id=CPALTT01INM659N,2026-10-04T00:29:44Z
2012-02-12,5.32,2012-01-31,OECD MEI India CPI all items via FRED (CPALTT01INM659N); not MoSPI headline CPI-combined,https://fred.stlouisfed.org/graph/fredgraph.csv?id=CPALTT01INM659N,2026-10-04T00:29:44Z
2012-03-12,7.57,2012-02-29,OECD MEI India CPI all items via FRED (CPALTT01INM659N); not MoSPI headline CPI-combined,https://fred.stlouisfed.org/graph/fredgraph.csv?id=CPALTT01INM659N,2026-10-04T00:29:44Z
2012-04-12,8.65,2012-03-31,OECD MEI India CPI all items via FRED (CPALTT01INM659N); not MoSPI headline CPI-combined,https://fred.stlouisfed.org/graph/fredgraph.csv?id=CPALTT01INM659N,2026-10-04T00:29:44Z
2012-05-12,10.22,2012-04-30,OECD MEI India CPI all items via FRED (CPALTT01INM659N); not MoSPI headline CPI-combined,https://fred.stlouisfed.org/graph/fredgraph.csv?id=CPALTT01INM659N,2026-10-04T00:29:44Z
2012-06-12,10.16,2012-05-31,OECD MEI India CPI all items via FRED (CPALTT01INM659N); not MoSPI headline CPI-combined,https://fred.stlouisfed.org/graph/fredgraph.csv?id=CPALTT01INM659N,2026-10-04T00:29:44Z
2012-07-12,10.05,2012-06-30,OECD MEI India CPI all items via FRED (CPALTT01INM659N); not MoSPI headline CPI-combined,https://fred.stlouisfed.org/graph/fredgraph.csv?id=CPALTT01INM659N,2026-10-04T00:29:44Z
2012-08-12,9.84,2012-07-31,OECD MEI India CPI all items via FRED (CPALTT01INM659N); not MoSPI headline CPI-combined,https://fred.stlouisfed.org/graph/fredgraph.csv?id=CPALTT01INM659N,2026-10-04T00:29:44Z
2012-09-12,10.31,2012-08-31,OECD MEI India CPI all items via FRED (CPALTT01INM659N); not MoSPI headline CPI-combined,https://fred.stlouisfed.org/graph/fredgraph.csv?id=CPALTT01INM659N,2026-10-04T00:29:44Z
2012-10-12,9.14,2012-09-30,OECD MEI India CPI all items via FRED (CPALTT01INM659N); not MoSPI headline CPI-combined,https://fred.stlouisfed.org/graph/fredgraph.csv?id=CPALTT01INM659N,2026-10-04T00:29:44Z
2012-11-12,9.6,2012-10-31,OECD MEI India CPI all items via FRED (CPALTT01INM659N); not MoSPI headline CPI-combined,https://fred.stlouisfed.org/graph/fredgraph.csv?id=CPALTT01INM659N,2026-10-04T00:29:44Z
2012-12-12,9.55,2012-11-30,OECD MEI India CPI all items via FRED (CPALTT01INM659N); not MoSPI headline CPI-combined,https://fred.stlouisfed.org/graph/fredgraph.csv?id=CPALTT01INM659N,2026-10-04T00:29:44Z
2013-01-12,11.17,2012-12-31,OECD MEI India CPI all items via FRED (CPALTT01INM659N); not MoSPI headline CPI-combined,https://fred.stlouisfed.org/graph/fredgraph.csv?id=CPALTT01INM659N,2026-10-04T00:29:44Z
2013-02-12,11.62,2013-01-31,OECD MEI India CPI all items via FRED (CPALTT01INM659N); not MoSPI headline CPI-combined,https://fred.stlouisfed.org/graph/fredgraph.csv?id=CPALTT01INM659N,2026-10-04T00:29:44Z
2013-03-12,12.06,2013-02-28,OECD MEI India CPI all items via FRED (CPALTT01INM659N); not MoSPI headline CPI-combined,https://fred.stlouisfed.org/graph/fredgraph.csv?id=CPALTT01INM659N,2026-10-04T00:29:44Z
2013-04-12,11.44,2013-03-31,OECD MEI India CPI all items via FRED (CPALTT01INM659N); not MoSPI headline CPI-combined,https://fred.stlouisfed.org/graph/fredgraph.csv?id=CPALTT01INM659N,2026-10-04T00:29:44Z
2013-05-12,10.24,2013-04-30,OECD MEI India CPI all items via FRED (CPALTT01INM659N); not MoSPI headline CPI-combined,https://fred.stlouisfed.org/graph/fredgraph.csv?id=CPALTT01INM659N,2026-10-04T00:29:44Z
2013-06-12,10.68,2013-05-31,OECD MEI India CPI all items via FRED (CPALTT01INM659N); not MoSPI headline CPI-combined,https://fred.stlouisfed.org/graph/fredgraph.csv?id=CPALTT01INM659N,2026-10-04T00:29:44Z
2013-07-12,11.06,2013-06-30,OECD MEI India CPI all items via FRED (CPALTT01INM659N); not MoSPI headline CPI-combined,https://fred.stlouisfed.org/graph/fredgraph.csv?id=CPALTT01INM659N,2026-10-04T00:29:44Z
2013-08-12,10.85,2013-07-31,OECD MEI India CPI all items via FRED (CPALTT01INM659N); not MoSPI headline CPI-combined,https://fred.stlouisfed.org/graph/fredgraph.csv?id=CPALTT01INM659N,2026-10-04T00:29:44Z
2013-09-12,10.75,2013-08-31,OECD MEI India CPI all items via FRED (CPALTT01INM659N); not MoSPI headline CPI-combined,https://fred.stlouisfed.org/graph/fredgraph.csv?id=CPALTT01INM659N,2026-10-04T00:29:44Z
2013-10-12,10.7,2013-09-30,OECD MEI India CPI all items via FRED (CPALTT01INM659N); not MoSPI headline CPI-combined,https://fred.stlouisfed.org/graph/fredgraph.csv?id=CPALTT01INM659N,2026-10-04T00:29:44Z
2013-11-12,11.06,2013-10-31,OECD MEI India CPI all items via FRED (CPALTT01INM659N); not MoSPI headline CPI-combined,https://fred.stlouisfed.org/graph/fredgraph.csv?id=CPALTT01INM659N,2026-10-04T00:29:44Z
2013-12-12,11.47,2013-11-30,OECD MEI India CPI all items via FRED (CPALTT01INM659N); not MoSPI headline CPI-combined,https://fred.stlouisfed.org/graph/fredgraph.csv?id=CPALTT01INM659N,2026-10-04T00:29:44Z
2014-01-12,9.13,2013-12-31,OECD MEI India CPI all items via FRED (CPALTT01INM659N); not MoSPI headline CPI-combined,https://fred.stlouisfed.org/graph/fredgraph.csv?id=CPALTT01INM659N,2026-10-04T00:29:44Z
2014-02-12,7.24,2014-01-31,OECD MEI India CPI all items via FRED (CPALTT01INM659N); not MoSPI headline CPI-combined,https://fred.stlouisfed.org/graph/fredgraph.csv?id=CPALTT01INM659N,2026-10-04T00:29:44Z
2014-03-12,6.73,2014-02-28,OECD MEI India CPI all items via FRED (CPALTT01INM659N); not MoSPI headline CPI-combined,https://fred.stlouisfed.org/graph/fredgraph.csv?id=CPALTT01INM659N,2026-10-04T00:29:44Z
2014-04-12,6.7,2014-03-31,OECD MEI India CPI all items via FRED (CPALTT01INM659N); not MoSPI headline CPI-combined,https://fred.stlouisfed.org/graph/fredgraph.csv?id=CPALTT01INM659N,2026-10-04T00:29:44Z
2014-05-12,7.08,2014-04-30,OECD MEI India CPI all items via FRED (CPALTT01INM659N); not MoSPI headline CPI-combined,https://fred.stlouisfed.org/graph/fredgraph.csv?id=CPALTT01INM659N,2026-10-04T00:29:44Z
2014-06-12,7.02,2014-05-31,OECD MEI India CPI all items via FRED (CPALTT01INM659N); not MoSPI headline CPI-combined,https://fred.stlouisfed.org/graph/fredgraph.csv?id=CPALTT01INM659N,2026-10-04T00:29:44Z
2014-07-12,6.49,2014-06-30,OECD MEI India CPI all items via FRED (CPALTT01INM659N); not MoSPI headline CPI-combined,https://fred.stlouisfed.org/graph/fredgraph.csv?id=CPALTT01INM659N,2026-10-04T00:29:44Z
2014-08-12,7.23,2014-07-31,OECD MEI India CPI all items via FRED (CPALTT01INM659N); not MoSPI headline CPI-combined,https://fred.stlouisfed.org/graph/fredgraph.csv?id=CPALTT01INM659N,2026-10-04T00:29:44Z
2014-09-12,6.75,2014-08-31,OECD MEI India CPI all items via FRED (CPALTT01INM659N); not MoSPI headline CPI-combined,https://fred.stlouisfed.org/graph/fredgraph.csv?id=CPALTT01INM659N,2026-10-04T00:29:44Z
2014-10-12,6.3,2014-09-30,OECD MEI India CPI all items via FRED (CPALTT01INM659N); not MoSPI headline CPI-combined,https://fred.stlouisfed.org/graph/fredgraph.csv?id=CPALTT01INM659N,2026-10-04T00:29:44Z
2014-11-12,4.98,2014-10-31,OECD MEI India CPI all items via FRED (CPALTT01INM659N); not MoSPI headline CPI-combined,https://fred.stlouisfed.org/graph/fredgraph.csv?id=CPALTT01INM659N,2026-10-04T00:29:44Z
2014-12-12,4.12,2014-11-30,OECD MEI India CPI all items via FRED (CPALTT01INM659N); not MoSPI headline CPI-combined,https://fred.stlouisfed.org/graph/fredgraph.csv?id=CPALTT01INM659N,2026-10-04T00:29:44Z
2015-01-12,5.86,2014-12-31,OECD MEI India CPI all items via FRED (CPALTT01INM659N); not MoSPI headline CPI-combined,https://fred.stlouisfed.org/graph/fredgraph.csv?id=CPALTT01INM659N,2026-10-04T00:29:44Z
2015-02-12,7.17,2015-01-31,OECD MEI India CPI all items via FRED (CPALTT01INM659N); not MoSPI headline CPI-combined,https://fred.stlouisfed.org/graph/fredgraph.csv?id=CPALTT01INM659N,2026-10-04T00:29:44Z
2015-03-12,6.3,2015-02-28,OECD MEI India CPI all items via FRED (CPALTT01INM659N); not MoSPI headline CPI-combined,https://fred.stlouisfed.org/graph/fredgraph.csv?id=CPALTT01INM659N,2026-10-04T00:29:44Z
2015-04-12,6.28,2015-03-31,OECD MEI India CPI all items via FRED (CPALTT01INM659N); not MoSPI headline CPI-combined,https://fred.stlouisfed.org/graph/fredgraph.csv?id=CPALTT01INM659N,2026-10-04T00:29:44Z
2015-05-12,5.79,2015-04-30,OECD MEI India CPI all items via FRED (CPALTT01INM659N); not MoSPI headline CPI-combined,https://fred.stlouisfed.org/graph/fredgraph.csv?id=CPALTT01INM659N,2026-10-04T00:29:44Z
2015-06-12,5.74,2015-05-31,OECD MEI India CPI all items via FRED (CPALTT01INM659N); not MoSPI headline CPI-combined,https://fred.stlouisfed.org/graph/fredgraph.csv?id=CPALTT01INM659N,2026-10-04T00:29:44Z
2015-07-12,6.1,2015-06-30,OECD MEI India CPI all items via FRED (CPALTT01INM659N); not MoSPI headline CPI-combined,https://fred.stlouisfed.org/graph/fredgraph.csv?id=CPALTT01INM659N,2026-10-04T00:29:44Z
2015-08-12,4.37,2015-07-31,OECD MEI India CPI all items via FRED (CPALTT01INM659N); not MoSPI headline CPI-combined,https://fred.stlouisfed.org/graph/fredgraph.csv?id=CPALTT01INM659N,2026-10-04T00:29:44Z
2015-09-12,4.35,2015-08-31,OECD MEI India CPI all items via FRED (CPALTT01INM659N); not MoSPI headline CPI-combined,https://fred.stlouisfed.org/graph/fredgraph.csv?id=CPALTT01INM659N,2026-10-04T00:29:44Z
2015-10-12,5.14,2015-09-30,OECD MEI India CPI all items via FRED (CPALTT01INM659N); not MoSPI headline CPI-combined,https://fred.stlouisfed.org/graph/fredgraph.csv?id=CPALTT01INM659N,2026-10-04T00:29:44Z
2015-11-12,6.32,2015-10-31,OECD MEI India CPI all items via FRED (CPALTT01INM659N); not MoSPI headline CPI-combined,https://fred.stlouisfed.org/graph/fredgraph.csv?id=CPALTT01INM659N,2026-10-04T00:29:44Z
2015-12-12,6.72,2015-11-30,OECD MEI India CPI all items via FRED (CPALTT01INM659N); not MoSPI headline CPI-combined,https://fred.stlouisfed.org/graph/fredgraph.csv?id=CPALTT01INM659N,2026-10-04T00:29:44Z
2016-01-12,6.32,2015-12-31,OECD MEI India CPI all items via FRED (CPALTT01INM659N); not MoSPI headline CPI-combined,https://fred.stlouisfed.org/graph/fredgraph.csv?id=CPALTT01INM659N,2026-10-04T00:29:44Z
2016-02-12,5.91,2016-01-31,OECD MEI India CPI all items via FRED (CPALTT01INM659N); not MoSPI headline CPI-combined,https://fred.stlouisfed.org/graph/fredgraph.csv?id=CPALTT01INM659N,2026-10-04T00:29:44Z
2016-03-12,5.53,2016-02-29,OECD MEI India CPI all items via FRED (CPALTT01INM659N); not MoSPI headline CPI-combined,https://fred.stlouisfed.org/graph/fredgraph.csv?id=CPALTT01INM659N,2026-10-04T00:29:44Z
2016-04-12,5.51,2016-03-31,OECD MEI India CPI all items via FRED (CPALTT01INM659N); not MoSPI headline CPI-combined,https://fred.stlouisfed.org/graph/fredgraph.csv?id=CPALTT01INM659N,2026-10-04T00:29:44Z
2016-05-12,5.86,2016-04-30,OECD MEI India CPI all items via FRED (CPALTT01INM659N); not MoSPI headline CPI-combined,https://fred.stlouisfed.org/graph/fredgraph.csv?id=CPALTT01INM659N,2026-10-04T00:29:44Z
2016-06-12,6.59,2016-05-31,OECD MEI India CPI all items via FRED (CPALTT01INM659N); not MoSPI headline CPI-combined,https://fred.stlouisfed.org/graph/fredgraph.csv?id=CPALTT01INM659N,2026-10-04T00:29:44Z
2016-07-12,6.13,2016-06-30,OECD MEI India CPI all items via FRED (CPALTT01INM659N); not MoSPI headline CPI-combined,https://fred.stlouisfed.org/graph/fredgraph.csv?id=CPALTT01INM659N,2026-10-04T00:29:44Z
2016-08-12,6.46,2016-07-31,OECD MEI India CPI all items via FRED (CPALTT01INM659N); not MoSPI headline CPI-combined,https://fred.stlouisfed.org/graph/fredgraph.csv?id=CPALTT01INM659N,2026-10-04T00:29:44Z
2016-09-12,5.3,2016-08-31,OECD MEI India CPI all items via FRED (CPALTT01INM659N); not MoSPI headline CPI-combined,https://fred.stlouisfed.org/graph/fredgraph.csv?id=CPALTT01INM659N,2026-10-04T00:29:44Z
2016-10-12,4.14,2016-09-30,OECD MEI India CPI all items via FRED (CPALTT01INM659N); not MoSPI headline CPI-combined,https://fred.stlouisfed.org/graph/fredgraph.csv?id=CPALTT01INM659N,2026-10-04T00:29:44Z
2016-11-12,3.35,2016-10-31,OECD MEI India CPI all items via FRED (CPALTT01INM659N); not MoSPI headline CPI-combined,https://fred.stlouisfed.org/graph/fredgraph.csv?id=CPALTT01INM659N,2026-10-04T00:29:44Z
2016-12-12,2.59,2016-11-30,OECD MEI India CPI all items via FRED (CPALTT01INM659N); not MoSPI headline CPI-combined,https://fred.stlouisfed.org/graph/fredgraph.csv?id=CPALTT01INM659N,2026-10-04T00:29:44Z
2017-01-12,2.23,2016-12-31,OECD MEI India CPI all items via FRED (CPALTT01INM659N); not MoSPI headline CPI-combined,https://fred.stlouisfed.org/graph/fredgraph.csv?id=CPALTT01INM659N,2026-10-04T00:29:44Z
2017-02-12,1.86,2017-01-31,OECD MEI India CPI all items via FRED (CPALTT01INM659N); not MoSPI headline CPI-combined,https://fred.stlouisfed.org/graph/fredgraph.csv?id=CPALTT01INM659N,2026-10-04T00:29:44Z
2017-03-12,2.62,2017-02-28,OECD MEI India CPI all items via FRED (CPALTT01INM659N); not MoSPI headline CPI-combined,https://fred.stlouisfed.org/graph/fredgraph.csv?id=CPALTT01INM659N,2026-10-04T00:29:44Z
2017-04-12,2.61,2017-03-31,OECD MEI India CPI all items via FRED (CPALTT01INM659N); not MoSPI headline CPI-combined,https://fred.stlouisfed.org/graph/fredgraph.csv?id=CPALTT01INM659N,2026-10-04T00:29:44Z
2017-05-12,2.21,2017-04-30,OECD MEI India CPI all items via FRED (CPALTT01INM659N); not MoSPI headline CPI-combined,https://fred.stlouisfed.org/graph/fredgraph.csv?id=CPALTT01INM659N,2026-10-04T00:29:44Z
2017-06-12,1.09,2017-05-31,OECD MEI India CPI all items via FRED (CPALTT01INM659N); not MoSPI headline CPI-combined,https://fred.stlouisfed.org/graph/fredgraph.csv?id=CPALTT01INM659N,2026-10-04T00:29:44Z
2017-07-12,1.08,2017-06-30,OECD MEI India CPI all items via FRED (CPALTT01INM659N); not MoSPI headline CPI-combined,https://fred.stlouisfed.org/graph/fredgraph.csv?id=CPALTT01INM659N,2026-10-04T00:29:44Z
2017-08-12,1.79,2017-07-31,OECD MEI India CPI all items via FRED (CPALTT01INM659N); not MoSPI headline CPI-combined,https://fred.stlouisfed.org/graph/fredgraph.csv?id=CPALTT01INM659N,2026-10-04T00:29:44Z
2017-09-12,2.52,2017-08-31,OECD MEI India CPI all items via FRED (CPALTT01INM659N); not MoSPI headline CPI-combined,https://fred.stlouisfed.org/graph/fredgraph.csv?id=CPALTT01INM659N,2026-10-04T00:29:44Z
2017-10-12,2.89,2017-09-30,OECD MEI India CPI all items via FRED (CPALTT01INM659N); not MoSPI headline CPI-combined,https://fred.stlouisfed.org/graph/fredgraph.csv?id=CPALTT01INM659N,2026-10-04T00:29:44Z
2017-11-12,3.24,2017-10-31,OECD MEI India CPI all items via FRED (CPALTT01INM659N); not MoSPI headline CPI-combined,https://fred.stlouisfed.org/graph/fredgraph.csv?id=CPALTT01INM659N,2026-10-04T00:29:44Z
2017-12-12,3.97,2017-11-30,OECD MEI India CPI all items via FRED (CPALTT01INM659N); not MoSPI headline CPI-combined,https://fred.stlouisfed.org/graph/fredgraph.csv?id=CPALTT01INM659N,2026-10-04T00:29:44Z
2018-01-12,4.0,2017-12-31,OECD MEI India CPI all items via FRED (CPALTT01INM659N); not MoSPI headline CPI-combined,https://fred.stlouisfed.org/graph/fredgraph.csv?id=CPALTT01INM659N,2026-10-04T00:29:44Z
2018-02-12,5.11,2018-01-31,OECD MEI India CPI all items via FRED (CPALTT01INM659N); not MoSPI headline CPI-combined,https://fred.stlouisfed.org/graph/fredgraph.csv?id=CPALTT01INM659N,2026-10-04T00:29:44Z
2018-03-12,4.74,2018-02-28,OECD MEI India CPI all items via FRED (CPALTT01INM659N); not MoSPI headline CPI-combined,https://fred.stlouisfed.org/graph/fredgraph.csv?id=CPALTT01INM659N,2026-10-04T00:29:44Z
2018-04-12,4.36,2018-03-31,OECD MEI India CPI all items via FRED (CPALTT01INM659N); not MoSPI headline CPI-combined,https://fred.stlouisfed.org/graph/fredgraph.csv?id=CPALTT01INM659N,2026-10-04T00:29:44Z
2018-05-12,3.97,2018-04-30,OECD MEI India CPI all items via FRED (CPALTT01INM659N); not MoSPI headline CPI-combined,https://fred.stlouisfed.org/graph/fredgraph.csv?id=CPALTT01INM659N,2026-10-04T00:29:44Z
2018-06-12,3.96,2018-05-31,OECD MEI India CPI all items via FRED (CPALTT01INM659N); not MoSPI headline CPI-combined,https://fred.stlouisfed.org/graph/fredgraph.csv?id=CPALTT01INM659N,2026-10-04T00:29:44Z
2018-07-12,3.93,2018-06-30,OECD MEI India CPI all items via FRED (CPALTT01INM659N); not MoSPI headline CPI-combined,https://fred.stlouisfed.org/graph/fredgraph.csv?id=CPALTT01INM659N,2026-10-04T00:29:44Z
2018-08-12,5.61,2018-07-31,OECD MEI India CPI all items via FRED (CPALTT01INM659N); not MoSPI headline CPI-combined,https://fred.stlouisfed.org/graph/fredgraph.csv?id=CPALTT01INM659N,2026-10-04T00:29:44Z
2018-09-12,5.61,2018-08-31,OECD MEI India CPI all items via FRED (CPALTT01INM659N); not MoSPI headline CPI-combined,https://fred.stlouisfed.org/graph/fredgraph.csv?id=CPALTT01INM659N,2026-10-04T00:29:44Z
2018-10-12,5.61,2018-09-30,OECD MEI India CPI all items via FRED (CPALTT01INM659N); not MoSPI headline CPI-combined,https://fred.stlouisfed.org/graph/fredgraph.csv?id=CPALTT01INM659N,2026-10-04T00:29:44Z
2018-11-12,5.23,2018-10-31,OECD MEI India CPI all items via FRED (CPALTT01INM659N); not MoSPI headline CPI-combined,https://fred.stlouisfed.org/graph/fredgraph.csv?id=CPALTT01INM659N,2026-10-04T00:29:44Z
2018-12-12,4.86,2018-11-30,OECD MEI India CPI all items via FRED (CPALTT01INM659N); not MoSPI headline CPI-combined,https://fred.stlouisfed.org/graph/fredgraph.csv?id=CPALTT01INM659N,2026-10-04T00:29:44Z
2019-01-12,5.24,2018-12-31,OECD MEI India CPI all items via FRED (CPALTT01INM659N); not MoSPI headline CPI-combined,https://fred.stlouisfed.org/graph/fredgraph.csv?id=CPALTT01INM659N,2026-10-04T00:29:44Z
2019-02-12,6.6,2019-01-31,OECD MEI India CPI all items via FRED (CPALTT01INM659N); not MoSPI headline CPI-combined,https://fred.stlouisfed.org/graph/fredgraph.csv?id=CPALTT01INM659N,2026-10-04T00:29:44Z
2019-03-12,6.97,2019-02-28,OECD MEI India CPI all items via FRED (CPALTT01INM659N); not MoSPI headline CPI-combined,https://fred.stlouisfed.org/graph/fredgraph.csv?id=CPALTT01INM659N,2026-10-04T00:29:44Z
2019-04-12,7.67,2019-03-31,OECD MEI India CPI all items via FRED (CPALTT01INM659N); not MoSPI headline CPI-combined,https://fred.stlouisfed.org/graph/fredgraph.csv?id=CPALTT01INM659N,2026-10-04T00:29:44Z
2019-05-12,8.33,2019-04-30,OECD MEI India CPI all items via FRED (CPALTT01INM659N); not MoSPI headline CPI-combined,https://fred.stlouisfed.org/graph/fredgraph.csv?id=CPALTT01INM659N,2026-10-04T00:29:44Z
2019-06-12,8.65,2019-05-31,OECD MEI India CPI all items via FRED (CPALTT01INM659N); not MoSPI headline CPI-combined,https://fred.stlouisfed.org/graph/fredgraph.csv?id=CPALTT01INM659N,2026-10-04T00:29:44Z
2019-07-12,8.59,2019-06-30,OECD MEI India CPI all items via FRED (CPALTT01INM659N); not MoSPI headline CPI-combined,https://fred.stlouisfed.org/graph/fredgraph.csv?id=CPALTT01INM659N,2026-10-04T00:29:44Z
2019-08-12,5.98,2019-07-31,OECD MEI India CPI all items via FRED (CPALTT01INM659N); not MoSPI headline CPI-combined,https://fred.stlouisfed.org/graph/fredgraph.csv?id=CPALTT01INM659N,2026-10-04T00:29:44Z
2019-09-12,6.31,2019-08-31,OECD MEI India CPI all items via FRED (CPALTT01INM659N); not MoSPI headline CPI-combined,https://fred.stlouisfed.org/graph/fredgraph.csv?id=CPALTT01INM659N,2026-10-04T00:29:44Z
2019-10-12,6.98,2019-09-30,OECD MEI India CPI all items via FRED (CPALTT01INM659N); not MoSPI headline CPI-combined,https://fred.stlouisfed.org/graph/fredgraph.csv?id=CPALTT01INM659N,2026-10-04T00:29:44Z
2019-11-12,7.62,2019-10-31,OECD MEI India CPI all items via FRED (CPALTT01INM659N); not MoSPI headline CPI-combined,https://fred.stlouisfed.org/graph/fredgraph.csv?id=CPALTT01INM659N,2026-10-04T00:29:44Z
2019-12-12,8.61,2019-11-30,OECD MEI India CPI all items via FRED (CPALTT01INM659N); not MoSPI headline CPI-combined,https://fred.stlouisfed.org/graph/fredgraph.csv?id=CPALTT01INM659N,2026-10-04T00:29:44Z
2020-01-12,9.63,2019-12-31,OECD MEI India CPI all items via FRED (CPALTT01INM659N); not MoSPI headline CPI-combined,https://fred.stlouisfed.org/graph/fredgraph.csv?id=CPALTT01INM659N,2026-10-04T00:29:44Z
2020-02-12,7.49,2020-01-31,OECD MEI India CPI all items via FRED (CPALTT01INM659N); not MoSPI headline CPI-combined,https://fred.stlouisfed.org/graph/fredgraph.csv?id=CPALTT01INM659N,2026-10-04T00:29:44Z
2020-03-12,6.84,2020-02-29,OECD MEI India CPI all items via FRED (CPALTT01INM659N); not MoSPI headline CPI-combined,https://fred.stlouisfed.org/graph/fredgraph.csv?id=CPALTT01INM659N,2026-10-04T00:29:44Z
2020-04-12,5.5,2020-03-31,OECD MEI India CPI all items via FRED (CPALTT01INM659N); not MoSPI headline CPI-combined,https://fred.stlouisfed.org/graph/fredgraph.csv?id=CPALTT01INM659N,2026-10-04T00:29:44Z
2020-05-12,5.45,2020-04-30,OECD MEI India CPI all items via FRED (CPALTT01INM659N); not MoSPI headline CPI-combined,https://fred.stlouisfed.org/graph/fredgraph.csv?id=CPALTT01INM659N,2026-10-04T00:29:44Z
2020-06-12,5.1,2020-05-31,OECD MEI India CPI all items via FRED (CPALTT01INM659N); not MoSPI headline CPI-combined,https://fred.stlouisfed.org/graph/fredgraph.csv?id=CPALTT01INM659N,2026-10-04T00:29:44Z
2020-07-12,5.06,2020-06-30,OECD MEI India CPI all items via FRED (CPALTT01INM659N); not MoSPI headline CPI-combined,https://fred.stlouisfed.org/graph/fredgraph.csv?id=CPALTT01INM659N,2026-10-04T00:29:44Z
2020-08-12,5.33,2020-07-31,OECD MEI India CPI all items via FRED (CPALTT01INM659N); not MoSPI headline CPI-combined,https://fred.stlouisfed.org/graph/fredgraph.csv?id=CPALTT01INM659N,2026-10-04T00:29:44Z
2020-09-12,5.62,2020-08-31,OECD MEI India CPI all items via FRED (CPALTT01INM659N); not MoSPI headline CPI-combined,https://fred.stlouisfed.org/graph/fredgraph.csv?id=CPALTT01INM659N,2026-10-04T00:29:44Z
2020-10-12,5.64,2020-09-30,OECD MEI India CPI all items via FRED (CPALTT01INM659N); not MoSPI headline CPI-combined,https://fred.stlouisfed.org/graph/fredgraph.csv?id=CPALTT01INM659N,2026-10-04T00:29:44Z
2020-11-12,5.9,2020-10-31,OECD MEI India CPI all items via FRED (CPALTT01INM659N); not MoSPI headline CPI-combined,https://fred.stlouisfed.org/graph/fredgraph.csv?id=CPALTT01INM659N,2026-10-04T00:29:44Z
2020-12-12,5.28,2020-11-30,OECD MEI India CPI all items via FRED (CPALTT01INM659N); not MoSPI headline CPI-combined,https://fred.stlouisfed.org/graph/fredgraph.csv?id=CPALTT01INM659N,2026-10-04T00:29:44Z
2021-01-12,3.69,2020-12-31,OECD MEI India CPI all items via FRED (CPALTT01INM659N); not MoSPI headline CPI-combined,https://fred.stlouisfed.org/graph/fredgraph.csv?id=CPALTT01INM659N,2026-10-04T00:29:44Z
2021-02-12,3.16,2021-01-31,OECD MEI India CPI all items via FRED (CPALTT01INM659N); not MoSPI headline CPI-combined,https://fred.stlouisfed.org/graph/fredgraph.csv?id=CPALTT01INM659N,2026-10-04T00:29:44Z
2021-03-12,4.49,2021-02-28,OECD MEI India CPI all items via FRED (CPALTT01INM659N); not MoSPI headline CPI-combined,https://fred.stlouisfed.org/graph/fredgraph.csv?id=CPALTT01INM659N,2026-10-04T00:29:44Z
2021-04-12,5.67,2021-03-31,OECD MEI India CPI all items via FRED (CPALTT01INM659N); not MoSPI headline CPI-combined,https://fred.stlouisfed.org/graph/fredgraph.csv?id=CPALTT01INM659N,2026-10-04T00:29:44Z
2021-05-12,5.14,2021-04-30,OECD MEI India CPI all items via FRED (CPALTT01INM659N); not MoSPI headline CPI-combined,https://fred.stlouisfed.org/graph/fredgraph.csv?id=CPALTT01INM659N,2026-10-04T00:29:44Z
2021-06-12,5.26,2021-05-31,OECD MEI India CPI all items via FRED (CPALTT01INM659N); not MoSPI headline CPI-combined,https://fred.stlouisfed.org/graph/fredgraph.csv?id=CPALTT01INM659N,2026-10-04T00:29:44Z
2021-07-12,5.58,2021-06-30,OECD MEI India CPI all items via FRED (CPALTT01INM659N); not MoSPI headline CPI-combined,https://fred.stlouisfed.org/graph/fredgraph.csv?id=CPALTT01INM659N,2026-10-04T00:29:44Z
2021-08-12,5.26,2021-07-31,OECD MEI India CPI all items via FRED (CPALTT01INM659N); not MoSPI headline CPI-combined,https://fred.stlouisfed.org/graph/fredgraph.csv?id=CPALTT01INM659N,2026-10-04T00:29:44Z
2021-09-12,4.81,2021-08-31,OECD MEI India CPI all items via FRED (CPALTT01INM659N); not MoSPI headline CPI-combined,https://fred.stlouisfed.org/graph/fredgraph.csv?id=CPALTT01INM659N,2026-10-04T00:29:44Z
2021-10-12,4.4,2021-09-30,OECD MEI India CPI all items via FRED (CPALTT01INM659N); not MoSPI headline CPI-combined,https://fred.stlouisfed.org/graph/fredgraph.csv?id=CPALTT01INM659N,2026-10-04T00:29:44Z
2021-11-12,4.52,2021-10-31,OECD MEI India CPI all items via FRED (CPALTT01INM659N); not MoSPI headline CPI-combined,https://fred.stlouisfed.org/graph/fredgraph.csv?id=CPALTT01INM659N,2026-10-04T00:29:44Z
2021-12-12,4.84,2021-11-30,OECD MEI India CPI all items via FRED (CPALTT01INM659N); not MoSPI headline CPI-combined,https://fred.stlouisfed.org/graph/fredgraph.csv?id=CPALTT01INM659N,2026-10-04T00:29:44Z
2022-01-12,5.56,2021-12-31,OECD MEI India CPI all items via FRED (CPALTT01INM659N); not MoSPI headline CPI-combined,https://fred.stlouisfed.org/graph/fredgraph.csv?id=CPALTT01INM659N,2026-10-04T00:29:44Z
2022-02-12,5.84,2022-01-31,OECD MEI India CPI all items via FRED (CPALTT01INM659N); not MoSPI headline CPI-combined,https://fred.stlouisfed.org/graph/fredgraph.csv?id=CPALTT01INM659N,2026-10-04T00:29:44Z
2022-03-12,5.04,2022-02-28,OECD MEI India CPI all items via FRED (CPALTT01INM659N); not MoSPI headline CPI-combined,https://fred.stlouisfed.org/graph/fredgraph.csv?id=CPALTT01INM659N,2026-10-04T00:29:44Z
2022-04-12,5.35,2022-03-31,OECD MEI India CPI all items via FRED (CPALTT01INM659N); not MoSPI headline CPI-combined,https://fred.stlouisfed.org/graph/fredgraph.csv?id=CPALTT01INM659N,2026-10-04T00:29:44Z
2022-05-12,6.33,2022-04-30,OECD MEI India CPI all items via FRED (CPALTT01INM659N); not MoSPI headline CPI-combined,https://fred.stlouisfed.org/graph/fredgraph.csv?id=CPALTT01INM659N,2026-10-04T00:29:44Z
2022-06-12,6.97,2022-05-31,OECD MEI India CPI all items via FRED (CPALTT01INM659N); not MoSPI headline CPI-combined,https://fred.stlouisfed.org/graph/fredgraph.csv?id=CPALTT01INM659N,2026-10-04T00:29:44Z
2022-07-12,6.16,2022-06-30,OECD MEI India CPI all items via FRED (CPALTT01INM659N); not MoSPI headline CPI-combined,https://fred.stlouisfed.org/graph/fredgraph.csv?id=CPALTT01INM659N,2026-10-04T00:29:44Z
2022-08-12,5.78,2022-07-31,OECD MEI India CPI all items via FRED (CPALTT01INM659N); not MoSPI headline CPI-combined,https://fred.stlouisfed.org/graph/fredgraph.csv?id=CPALTT01INM659N,2026-10-04T00:29:44Z
2022-09-12,5.85,2022-08-31,OECD MEI India CPI all items via FRED (CPALTT01INM659N); not MoSPI headline CPI-combined,https://fred.stlouisfed.org/graph/fredgraph.csv?id=CPALTT01INM659N,2026-10-04T00:29:44Z
2022-10-12,6.49,2022-09-30,OECD MEI India CPI all items via FRED (CPALTT01INM659N); not MoSPI headline CPI-combined,https://fred.stlouisfed.org/graph/fredgraph.csv?id=CPALTT01INM659N,2026-10-04T00:29:44Z
2022-11-12,6.08,2022-10-31,OECD MEI India CPI all items via FRED (CPALTT01INM659N); not MoSPI headline CPI-combined,https://fred.stlouisfed.org/graph/fredgraph.csv?id=CPALTT01INM659N,2026-10-04T00:29:44Z
2022-12-12,5.41,2022-11-30,OECD MEI India CPI all items via FRED (CPALTT01INM659N); not MoSPI headline CPI-combined,https://fred.stlouisfed.org/graph/fredgraph.csv?id=CPALTT01INM659N,2026-10-04T00:29:44Z
2023-01-12,5.5,2022-12-31,OECD MEI India CPI all items via FRED (CPALTT01INM659N); not MoSPI headline CPI-combined,https://fred.stlouisfed.org/graph/fredgraph.csv?id=CPALTT01INM659N,2026-10-04T00:29:44Z
2023-02-12,6.16,2023-01-31,OECD MEI India CPI all items via FRED (CPALTT01INM659N); not MoSPI headline CPI-combined,https://fred.stlouisfed.org/graph/fredgraph.csv?id=CPALTT01INM659N,2026-10-04T00:29:44Z
2023-03-12,6.16,2023-02-28,OECD MEI India CPI all items via FRED (CPALTT01INM659N); not MoSPI headline CPI-combined,https://fred.stlouisfed.org/graph/fredgraph.csv?id=CPALTT01INM659N,2026-10-04T00:29:44Z
2023-04-12,5.79,2023-03-31,OECD MEI India CPI all items via FRED (CPALTT01INM659N); not MoSPI headline CPI-combined,https://fred.stlouisfed.org/graph/fredgraph.csv?id=CPALTT01INM659N,2026-10-04T00:29:44Z
2023-05-12,5.09,2023-04-30,OECD MEI India CPI all items via FRED (CPALTT01INM659N); not MoSPI headline CPI-combined,https://fred.stlouisfed.org/graph/fredgraph.csv?id=CPALTT01INM659N,2026-10-04T00:29:44Z
2023-06-12,4.42,2023-05-31,OECD MEI India CPI all items via FRED (CPALTT01INM659N); not MoSPI headline CPI-combined,https://fred.stlouisfed.org/graph/fredgraph.csv?id=CPALTT01INM659N,2026-10-04T00:29:44Z
2023-07-12,5.57,2023-06-30,OECD MEI India CPI all items via FRED (CPALTT01INM659N); not MoSPI headline CPI-combined,https://fred.stlouisfed.org/graph/fredgraph.csv?id=CPALTT01INM659N,2026-10-04T00:29:44Z
2023-08-12,7.54,2023-07-31,OECD MEI India CPI all items via FRED (CPALTT01INM659N); not MoSPI headline CPI-combined,https://fred.stlouisfed.org/graph/fredgraph.csv?id=CPALTT01INM659N,2026-10-04T00:29:44Z
2023-09-12,6.91,2023-08-31,OECD MEI India CPI all items via FRED (CPALTT01INM659N); not MoSPI headline CPI-combined,https://fred.stlouisfed.org/graph/fredgraph.csv?id=CPALTT01INM659N,2026-10-04T00:29:44Z
2023-10-12,4.72,2023-09-30,OECD MEI India CPI all items via FRED (CPALTT01INM659N); not MoSPI headline CPI-combined,https://fred.stlouisfed.org/graph/fredgraph.csv?id=CPALTT01INM659N,2026-10-04T00:29:44Z
2023-11-12,4.45,2023-10-31,OECD MEI India CPI all items via FRED (CPALTT01INM659N); not MoSPI headline CPI-combined,https://fred.stlouisfed.org/graph/fredgraph.csv?id=CPALTT01INM659N,2026-10-04T00:29:44Z
2023-12-12,4.98,2023-11-30,OECD MEI India CPI all items via FRED (CPALTT01INM659N); not MoSPI headline CPI-combined,https://fred.stlouisfed.org/graph/fredgraph.csv?id=CPALTT01INM659N,2026-10-04T00:29:44Z
2024-01-12,4.91,2023-12-31,OECD MEI India CPI all items via FRED (CPALTT01INM659N); not MoSPI headline CPI-combined,https://fred.stlouisfed.org/graph/fredgraph.csv?id=CPALTT01INM659N,2026-10-04T00:29:44Z
2024-02-12,4.59,2024-01-31,OECD MEI India CPI all items via FRED (CPALTT01INM659N); not MoSPI headline CPI-combined,https://fred.stlouisfed.org/graph/fredgraph.csv?id=CPALTT01INM659N,2026-10-04T00:29:44Z
2024-03-12,4.9,2024-02-29,OECD MEI India CPI all items via FRED (CPALTT01INM659N); not MoSPI headline CPI-combined,https://fred.stlouisfed.org/graph/fredgraph.csv?id=CPALTT01INM659N,2026-10-04T00:29:44Z
2024-04-12,4.2,2024-03-31,OECD MEI India CPI all items via FRED (CPALTT01INM659N); not MoSPI headline CPI-combined,https://fred.stlouisfed.org/graph/fredgraph.csv?id=CPALTT01INM659N,2026-10-04T00:29:44Z
2024-05-12,3.87,2024-04-30,OECD MEI India CPI all items via FRED (CPALTT01INM659N); not MoSPI headline CPI-combined,https://fred.stlouisfed.org/graph/fredgraph.csv?id=CPALTT01INM659N,2026-10-04T00:29:44Z
2024-06-12,3.86,2024-05-31,OECD MEI India CPI all items via FRED (CPALTT01INM659N); not MoSPI headline CPI-combined,https://fred.stlouisfed.org/graph/fredgraph.csv?id=CPALTT01INM659N,2026-10-04T00:29:44Z
2024-07-12,3.67,2024-06-30,OECD MEI India CPI all items via FRED (CPALTT01INM659N); not MoSPI headline CPI-combined,https://fred.stlouisfed.org/graph/fredgraph.csv?id=CPALTT01INM659N,2026-10-04T00:29:44Z
2024-08-12,2.15,2024-07-31,OECD MEI India CPI all items via FRED (CPALTT01INM659N); not MoSPI headline CPI-combined,https://fred.stlouisfed.org/graph/fredgraph.csv?id=CPALTT01INM659N,2026-10-04T00:29:44Z
2024-09-12,2.44,2024-08-31,OECD MEI India CPI all items via FRED (CPALTT01INM659N); not MoSPI headline CPI-combined,https://fred.stlouisfed.org/graph/fredgraph.csv?id=CPALTT01INM659N,2026-10-04T00:29:44Z
2024-10-12,4.22,2024-09-30,OECD MEI India CPI all items via FRED (CPALTT01INM659N); not MoSPI headline CPI-combined,https://fred.stlouisfed.org/graph/fredgraph.csv?id=CPALTT01INM659N,2026-10-04T00:29:44Z
2024-11-12,4.41,2024-10-31,OECD MEI India CPI all items via FRED (CPALTT01INM659N); not MoSPI headline CPI-combined,https://fred.stlouisfed.org/graph/fredgraph.csv?id=CPALTT01INM659N,2026-10-04T00:29:44Z
2024-12-12,3.88,2024-11-30,OECD MEI India CPI all items via FRED (CPALTT01INM659N); not MoSPI headline CPI-combined,https://fred.stlouisfed.org/graph/fredgraph.csv?id=CPALTT01INM659N,2026-10-04T00:29:44Z
2025-01-12,3.53,2024-12-31,OECD MEI India CPI all items via FRED (CPALTT01INM659N); not MoSPI headline CPI-combined,https://fred.stlouisfed.org/graph/fredgraph.csv?id=CPALTT01INM659N,2026-10-04T00:29:44Z
2025-02-12,3.1,2025-01-31,OECD MEI India CPI all items via FRED (CPALTT01INM659N); not MoSPI headline CPI-combined,https://fred.stlouisfed.org/graph/fredgraph.csv?id=CPALTT01INM659N,2026-10-04T00:29:44Z
2025-03-12,2.59,2025-02-28,OECD MEI India CPI all items via FRED (CPALTT01INM659N); not MoSPI headline CPI-combined,https://fred.stlouisfed.org/graph/fredgraph.csv?id=CPALTT01INM659N,2026-10-04T00:29:44Z
2025-04-12,2.95,2025-03-31,OECD MEI India CPI all items via FRED (CPALTT01INM659N); not MoSPI headline CPI-combined,https://fred.stlouisfed.org/graph/fredgraph.csv?id=CPALTT01INM659N,2026-10-04T00:29:44Z
