event_id,title,event_type,region,country,start_date,end_date,event_date,severity_value,severity_unit,description,mechanism,affected_assets,tickers,split,source,source_url
hurricane_katrina_2005,Hurricane Katrina Landfall Gulf Coast,hurricane,Gulf of Mexico,US,2005-08-23,2005-08-31,2005-08-29,3,Saffir-Simpson category,Category 3 hurricane made landfall near Buras-Triumph Louisiana causing massive storm surge flooding New Orleans and shutting down Gulf offshore oil platforms and coastal refineries.,Extensive offshore oil and gas production shut-ins and Gulf Coast refinery outages caused sharp spike in crude oil and natural gas prices.,crude|natgas|refiners|energy,CL=F|NG=F|RB=F|XLE|VLO,train,NOAA NHC,https://www.nhc.noaa.gov/data/tcr/AL122005_Katrina.pdf
hurricane_rita_2005,Hurricane Rita Gulf Coast Landfall,hurricane,Gulf of Mexico,US,2005-09-18,2005-09-26,2005-09-24,3,Saffir-Simpson category,Category 3 hurricane struck near the Texas-Louisiana border shortly after Katrina forcing widespread evacuations and temporary refinery shutdowns along the petrochemical corridor.,Refinery outages and pipeline disruptions curtailed refined product supplies and supported crack spreads.,crude|natgas|refiners|energy,CL=F|NG=F|RB=F|XLE,train,NOAA NHC,https://www.nhc.noaa.gov/data/tcr/AL182005_Rita.pdf
hurricane_gustav_2008,Hurricane Gustav Louisiana Landfall,hurricane,Gulf of Mexico,US,2008-08-25,2008-09-04,2008-09-01,2,Saffir-Simpson category,Category 2 hurricane made landfall in Louisiana leading to preemptive shutdown of offshore platforms and pipelines across the central Gulf.,Precautionary production shut-ins created short-term supply anxiety in domestic energy markets.,crude|natgas|energy,CL=F|NG=F|XLE,train,NOAA NHC,https://www.nhc.noaa.gov/data/tcr/AL072008_Gustav.pdf
hurricane_ike_2008,Hurricane Ike Texas Coast Landfall,hurricane,Gulf (Texas),US,2008-09-01,2008-09-15,2008-09-13,2,Saffir-Simpson category,Hurricane Ike made landfall at Galveston Texas bringing severe storm surge and flooding to Houston-area industrial complexes and power grids.,Damage to Houston refineries and power distribution led to prolonged processing downtime and product inventory draws.,crude|gasoline|refiners,CL=F|RB=F|VLO,train,NOAA NHC,https://www.nhc.noaa.gov/data/tcr/AL092008_Ike.pdf
hurricane_harvey_2017,Hurricane Harvey Texas Extreme Flooding,hurricane,Gulf (Texas),US,2017-08-17,2017-09-01,2017-08-25,4,Saffir-Simpson category,Category 4 hurricane made landfall in Rockport Texas stalled and dumped historic rainfall exceeding 50 inches across the Houston metropolitan area.,Catastrophic inland flooding shut down 25 percent of US refining capacity sending gasoline crack spreads soaring.,crude|gasoline|natgas|refiners,CL=F|RB=F|NG=F|VLO,train,NOAA NHC,https://www.nhc.noaa.gov/data/tcr/AL092017_Harvey.pdf
hurricane_laura_2020,Hurricane Laura Southwest Louisiana Landfall,hurricane,Gulf (Louisiana),US,2020-08-20,2020-08-29,2020-08-27,4,Saffir-Simpson category,Extremely dangerous Category 4 hurricane made landfall near Cameron Louisiana with 150 mph winds causing severe structural damage in Lake Charles.,Major refinery and LNG export facility shutdowns alongside severe transmission grid destruction halted regional fuel shipments.,crude|natgas|energy,CL=F|NG=F|XLE,train,NOAA NHC,https://www.nhc.noaa.gov/data/tcr/AL132020_Laura.pdf
hurricane_ida_2021,Hurricane Ida Louisiana Port Fourchon Landfall,hurricane,Gulf (Louisiana),US,2021-08-26,2021-09-01,2021-08-29,4,Saffir-Simpson category,Category 4 hurricane struck Port Fourchon Louisiana crippling key offshore support hubs and leaving over a million customers without electricity.,Deep-water oil production platforms suffered extended shut-ins while coastal refineries halted processing due to grid failure.,crude|natgas|gasoline|refiners,CL=F|NG=F|RB=F|VLO,holdout,NOAA NHC,https://www.nhc.noaa.gov/data/tcr/AL092021_Ida.pdf
hurricane_ian_2022,Hurricane Ian Southwest Florida Landfall,hurricane,Florida,US,2022-09-23,2022-09-30,2022-09-28,4,Saffir-Simpson category,Category 4 hurricane made landfall near Cayo Costa Florida delivering catastrophic storm surge wind damage and freshwater flooding.,Enormous insured property damages and municipal infrastructure losses triggered severe write-downs in property and casualty insurers.,crude|insurers|insurance,CL=F|ALL|TRV,train,NOAA NHC,https://www.nhc.noaa.gov/data/tcr/AL092022_Ian.pdf
hurricane_helene_2024,Hurricane Helene Florida Big Bend Landfall,hurricane,Florida Big Bend,US,2024-09-24,2024-09-27,2024-09-26,4,Saffir-Simpson category,Fast-moving Category 4 hurricane struck Florida Big Bend region tracking rapidly inland and unleashing unprecedented flooding across western North Carolina.,Massive agricultural losses along with devastating inland flash flooding damaged power grids transportation corridors and municipal infrastructure.,crude|natgas|insurers,CL=F|NG=F|ALL,train,NOAA NHC,https://www.nhc.noaa.gov/data/tcr/AL092024_Helene.pdf
hurricane_milton_2024,Hurricane Milton Florida Siesta Key Landfall,hurricane,Florida,US,2024-10-05,2024-10-10,2024-10-09,3,Saffir-Simpson category,Category 3 hurricane struck Siesta Key Florida shortly after Helene spawning multiple tornadoes and producing flash flooding across Central Florida.,Extensive insured structural losses and localized business disruptions pressured insurance underwriting margins.,crude|insurers|insurance,CL=F|ALL|TRV,train,NOAA NHC,https://www.nhc.noaa.gov/data/tcr/AL142024_Milton.pdf
cyclone_phailin_2013,Extremely Severe Cyclonic Storm Phailin Odisha,cyclone,Odisha,IN,2013-10-08,2013-10-14,2013-10-12,6,IMD class (1-7),Extremely Severe Cyclonic Storm Phailin crossed the southern Odisha coast near Gopalpur with wind speeds reaching 215 km/h followed by torrential rainfall.,Widespread destruction of paddy crops paddy field inundation power transmission failure and closure of Paradip and Gopalpur ports.,equities|fmcg|currency,^NSEI|^CNXFMCG|INR=X,train,IMD RSMC,https://rsmcnewdelhi.imd.gov.in/
cyclone_hudhud_2014,Extremely Severe Cyclonic Storm Hudhud Visakhapatnam,cyclone,Andhra (Vizag),IN,2014-10-07,2014-10-14,2014-10-12,6,IMD class (1-7),Cyclone Hudhud made landfall over Visakhapatnam Andhra Pradesh battering the industrial port city with 185 km/h gale winds and severe storm surges.,Visakhapatnam port shut cargo operations HPCL refinery sustained damage and regional industrial production was paused.,equities|energy,^NSEI|^CNXENERGY,train,IMD RSMC,https://rsmcnewdelhi.imd.gov.in/
cyclone_vardah_2016,Very Severe Cyclonic Storm Vardah Chennai,cyclone,Tamil Nadu (Chennai),IN,2016-12-06,2016-12-13,2016-12-12,5,IMD class (1-7),Very Severe Cyclonic Storm Vardah crossed north Tamil Nadu coast near Chennai uprooting thousands of trees and flattening power lines and telecom towers.,Industrial manufacturing clusters auto assembly plants and IT corridors halted operations due to power and communication outages.,equities|auto,^NSEI|^CNXAUTO,train,IMD RSMC,https://rsmcnewdelhi.imd.gov.in/
cyclone_ockhi_2017,Very Severe Cyclonic Storm Ockhi Kerala and Tamil Nadu,cyclone,Kerala/TN,IN,2017-11-29,2017-12-06,2017-11-30,5,IMD class (1-7),Cyclone Ockhi intensified rapidly over the Arabian Sea near Kanyakumari bringing extreme squalls and torrential rain across coastal Kerala and Tamil Nadu.,Severe damage to marine fisheries coastal agriculture plantation crops and local transportation disrupted southern economic activity.,equities,^NSEI,train,IMD RSMC,https://rsmcnewdelhi.imd.gov.in/
cyclone_fani_2019,Extremely Severe Cyclonic Storm Fani Puri Odisha,cyclone,Odisha,IN,2019-04-26,2019-05-04,2019-05-03,6,IMD class (1-7),Extremely Severe Cyclonic Storm Fani made landfall near Puri Odisha with sustained winds of 215 km/h devastating coastal infrastructure and coastal districts.,Demolition of power transmission grids telecommunications shutdown agricultural damage and temporary closure of Paradip port.,equities|energy|fmcg,^NSEI|ONGC.NS|^CNXFMCG,train,IMD RSMC,https://rsmcnewdelhi.imd.gov.in/
cyclone_amphan_2020,Super Cyclonic Storm Amphan West Bengal,cyclone,West Bengal,IN,2020-05-16,2020-05-21,2020-05-20,7,IMD class (1-7),Super Cyclonic Storm Amphan struck West Bengal near the Sundarbans bringing catastrophic storm surges and hurricane-force winds into Kolkata.,Catastrophic damage to urban infrastructure rural agriculture jute and rice crops and long-duration power outages dampened consumption.,equities|fmcg|tobacco,^NSEI|ITC.NS|^CNXFMCG,train,IMD RSMC,https://rsmcnewdelhi.imd.gov.in/
cyclone_nisarga_2020,Severe Cyclonic Storm Nisarga Maharashtra,cyclone,Maharashtra,IN,2020-06-01,2020-06-04,2020-06-03,4,IMD class (1-7),Severe Cyclonic Storm Nisarga struck coastal Raigad district south of Mumbai causing heavy rains and localized power and communication disruptions.,Precautionary shutdowns across chemical manufacturing hubs and coastal logistics corridors slowed regional supply chains.,equities|energy,^NSEI|RELIANCE.NS,train,IMD RSMC,https://rsmcnewdelhi.imd.gov.in/
cyclone_tauktae_2021,Extremely Severe Cyclonic Storm Tauktae Gujarat Coast,cyclone,Gujarat / Bombay High,IN,2021-05-14,2021-05-19,2021-05-17,6,IMD class (1-7),Cyclone Tauktae moved parallel to the west coast and struck southern Gujarat near Saurashtra after damaging offshore oil facilities at Bombay High.,Offshore oil production barges broke moorings western ports halted vessel movements and horticultural crops suffered heavy damage.,energy|ports|refiners,ONGC.NS|RELIANCE.NS|ADANIPORTS.NS,train,IMD RSMC,https://rsmcnewdelhi.imd.gov.in/
cyclone_yaas_2021,Very Severe Cyclonic Storm Yaas Odisha West Bengal,cyclone,Odisha/WB,IN,2021-05-23,2021-05-28,2021-05-26,5,IMD class (1-7),Cyclone Yaas made landfall south of Balasore Odisha generating severe tidal inundation along coastal Odisha and West Bengal.,Inundation of low-lying agricultural land with saline water port operations suspension and disrupted rural supply networks.,equities|fmcg,^NSEI|^CNXFMCG,train,IMD RSMC,https://rsmcnewdelhi.imd.gov.in/
cyclone_biparjoy_2023,Very Severe Cyclonic Storm Biparjoy Gujarat Landfall,cyclone,Gujarat (Kutch),IN,2023-06-06,2023-06-19,2023-06-15,5,IMD class (1-7),Cyclone Biparjoy crossed Saurashtra and Kutch coasts near Jakhau Port Gujarat with heavy gales uprooting trees and damaging electrical infrastructure.,Port operations at Mundra and Kandla were suspended while coastal oil transport and logistics lines were frozen.,ports|energy|equities,ADANIPORTS.NS|RELIANCE.NS|^NSEI,holdout,IMD RSMC,https://rsmcnewdelhi.imd.gov.in/
cyclone_michaung_2023,Severe Cyclonic Storm Michaung Chennai and Andhra,cyclone,TN/Andhra (Chennai),IN,2023-12-01,2023-12-06,2023-12-05,4,IMD class (1-7),Severe Cyclonic Storm Michaung tracked close to Chennai before making landfall near Bapatla Andhra Pradesh causing extreme urban inundation.,Chennai automotive manufacturing clusters and electronics fabrication plants suffered severe flooding and assembly suspensions.,auto|manufacturing|equities,^CNXAUTO|ASHOKLEY.NS|TVSMOTOR.NS,holdout,IMD RSMC,https://rsmcnewdelhi.imd.gov.in/
cyclone_dana_2024,Severe Cyclonic Storm Dana Odisha Coast,cyclone,Odisha,IN,2024-10-22,2024-10-26,2024-10-25,4,IMD class (1-7),Severe Cyclonic Storm Dana struck the northern Odisha coast between Dhamra and Habalikhati Nature Camp bringing heavy rain and coastal winds.,Evacuations of coastal districts suspension of flights and train services alongside preemptive port mooring protocols.,equities|fmcg,^NSEI|^CNXFMCG,train,IMD RSMC,https://rsmcnewdelhi.imd.gov.in/
monsoon_deficit_2009,Historic Indian Monsoon Deficit 2009,monsoon_deficit,All-India,IN,2009-06-01,2009-09-30,2009-08-01,-22,rain deficit %,India suffered its worst drought in nearly four decades as southwest monsoon rains ended 22 percent below normal across the country.,Severe kharif crop failure lowered rural incomes triggered food price inflation and pressured commercial tractor and auto sales.,equities|fmcg|auto|currency,^NSEI|^CNXFMCG|M&M.NS|INR=X,train,IMD Monsoon Report,https://mausam.imd.gov.in/
monsoon_deficit_2014,El Nino Induced Monsoon Deficit 2014,monsoon_deficit,All-India,IN,2014-06-01,2014-09-30,2014-08-01,-12,rain deficit %,Monsoon rains were impacted by developing El Nino conditions leading to a 12 percent seasonal deficit and spatial unevenness across northwest India.,Stagnant rural wages lowered agricultural output and reduced demand for crop protection chemicals and farm machinery.,fmcg|auto|agri,^CNXFMCG|M&M.NS|UPL.NS,train,IMD Monsoon Report,https://mausam.imd.gov.in/
monsoon_deficit_2015,Consecutive Drought Year Monsoon Deficit 2015,monsoon_deficit,All-India,IN,2015-06-01,2015-09-30,2015-08-01,-14,rain deficit %,Second consecutive year of nationwide drought caused by strong El Nino resulted in a 14 percent cumulative monsoon deficit.,Reservoir levels dropped sharply dampening fertilizer consumption tractor sales and rural fast-moving consumer goods volume growth.,fmcg|auto|fertilizers,^CNXFMCG|M&M.NS|CHAMBLFERT.NS,holdout,IMD Monsoon Report,https://mausam.imd.gov.in/
monsoon_aug_dry_2023,Record Dry August Monsoon Deficit 2023,monsoon_deficit,All-India (Aug -36%),IN,2023-08-01,2023-09-15,2023-09-01,-36,rain deficit %,India experienced its driest August since 1901 with nationwide rainfall falling 36 percent below long-period average due to El Nino intensification.,Water stress on soybean sugarcane and pulse crops raised food inflation expectations and restrained discretionary rural consumer spending.,fmcg|auto|consumer,^CNXFMCG|M&M.NS|HINDUNILVR.NS,train,IMD Press Release,https://mausam.imd.gov.in/
heatwave_2022,Early Severe Spring Heatwave 2022,heatwave,North/Central India,IN,2022-03-15,2022-05-15,2022-04-28,4.5,anomaly deg C,Unprecedented early spring heatwave across northern and central India drove temperatures 4.5 degrees above seasonal normals and broke century-old records.,Shriveled terminal wheat yields pushed electricity demand to all-time highs creating domestic coal stock shortages and power cuts.,equities|power|coal,^NSEI|NTPC.NS|COALINDIA.NS,holdout,IMD Climate Bulletin,https://mausam.imd.gov.in/
heatwave_2024,Severe Extended Summer Heatwave 2024,heatwave,North India,IN,2024-05-01,2024-06-15,2024-05-29,5.0,anomaly deg C,Prolonged intense heatwave gripped northern and western India with temperatures crossing 49 degrees Celsius in Delhi and Rajasthan.,Surging peak air conditioning loads drove record power transmission demand and depleted regional water reservoirs.,power|utilities|cooling,NTPC.NS|TATAPOWER.NS|VOLTAS.NS,train,IMD Climate Bulletin,https://mausam.imd.gov.in/
taper_tantrum_2013,US Fed Taper Tantrum Currency and Bond Shock,rate_shock,Global/US,US,2013-05-20,2013-06-30,2013-05-22,100,bps,Federal Reserve Chairman Ben Bernanke indicated the central bank might taper asset purchases sparking global bond selloffs and emerging market capital flight.,Sharp surge in US Treasury yields prompted severe depreciation of the Indian Rupee and aggressive domestic liquidity tightening.,currency|banking|equities,INR=X|^NSEBANK|^NSEI,train,Federal Reserve Testimony,https://www.federalreserve.gov/
rbi_emergency_cut_2020,RBI Emergency COVID-19 Rate Cut,rate_shock,India,IN,2020-03-27,2020-04-05,2020-03-27,-75,bps,Reserve Bank of India MPC held an emergency meeting cutting repo rate by 75 bps and announcing massive liquidity measures to counter lockdown shocks.,Monetary easing lowered short-term funding costs and provided emergency credit moratorium to banking and non-banking financial companies.,banking|equities,^NSEBANK|^NSEI,train,RBI Press Release,https://www.rbi.org.in/
rbi_offcycle_hike_2022,RBI Surprise Off-Cycle Repo Rate Hike,rate_shock,India,IN,2022-05-04,2022-05-10,2022-05-04,40,bps,RBI Governor announced an unscheduled 40 bps repo rate hike and 50 bps CRR increase to curb soaring headline consumer inflation.,Sudden tightening raised bond yields, increased bank deposit and lending rates, and triggered equity market profit-taking.,banking|equities,^NSEBANK|HDFCBANK.NS|^NSEI,holdout,RBI Governor Statement,https://www.rbi.org.in/
abqaiq_attack_2019,Drone Attack on Saudi Aramco Abqaiq and Khurais,oil_shock,Saudi Arabia,Global,2019-09-14,2019-09-25,2019-09-16,15,oil move %,Coordinated drone and missile strikes hit Saudi Aramco processing facilities knocking out 5.7 million barrels per day or roughly half of Saudi output.,Brent crude oil jumped 15 percent on market open, boosting upstream producer realization while squeezing Indian refiner margins and currency.,crude|energy|oil_marketing|currency,BZ=F|ONGC.NS|BPCL.NS|INR=X,holdout,Reuters / Bloomberg,https://www.reuters.com/
wti_negative_2020,WTI May Crude Futures Collapse Below Zero,oil_shock,US,US,2020-04-18,2020-04-25,2020-04-20,-300,oil move %,Pandemic lockdowns caused unprecedented global oil demand destruction, filling Cushing storage and plunging the expiring May WTI contract to negative 37 dollars.,Extreme physical inventory congestion caused historic distress for oil producers, service providers, and energy funds.,crude|energy,CL=F|ONGC.NS,train,CME Group / EIA,https://www.eia.gov/
ukraine_invasion_2022,Russian Invasion of Ukraine Commodity Price Shock,oil_shock,Europe,Global,2022-02-24,2022-03-15,2022-02-24,8,oil move %,Russia launched a full-scale military invasion of Ukraine triggering sweeping Western sanctions and severe panic in global energy and agriculture markets.,Brent surged past 105 dollars, gold rallied on safe-haven flows, and Indian equity indices slumped on import inflation fears.,crude|equities|currency|gold,BZ=F|^NSEI|INR=X|GC=F,train,Reuters Market Report,https://www.reuters.com/
opec_surprise_cut_2023,OPEC+ Surprise Voluntary Crude Production Cut,oil_shock,Global,Global,2023-04-02,2023-04-10,2023-04-03,6,oil move %,Saudi Arabia and OPEC+ allies announced unexpected voluntary oil output cuts exceeding 1.1 million barrels per day to support market stability.,Brent oil jumped 6 percent overnight, boosting oil exploration earnings while creating input cost headwinds for refiners and petrochemical firms.,crude|upstream|oil_marketing,BZ=F|ONGC.NS|BPCL.NS,train,OPEC Press Statement,https://www.opec.org/
demonetisation_2016,Indian Currency Demonetisation Shock,policy,India,IN,2016-11-08,2016-11-20,2016-11-09,0.9,index scale 0-1,Prime Minister Narendra Modi announced the sudden demonetisation of all 500 and 1000 rupee banknotes, wiping out 86 percent of circulating cash.,Acute liquidity crunch paralyzed cash-dependent retail consumption, real estate transactions, and vehicle purchases, while surging bank deposits.,equities|auto|banking,^NSEI|^CNXAUTO|^NSEBANK,train,Government of India Gazette,https://www.pib.gov.in/
corp_tax_cut_2019,Historic Corporate Income Tax Rate Reduction,policy,India,IN,2019-09-20,2019-09-30,2019-09-20,0.7,index scale 0-1,Finance Minister slashed base corporate tax rates for domestic companies from 30 percent to 22 percent to boost private capital investment.,Massive immediate boost to corporate earnings after tax sparked the biggest single-day Indian equity rally in a decade.,equities|banking,^NSEI|^NSEBANK,train,Ministry of Finance Ordinance,https://www.pib.gov.in/
covid_lockdown_2020,Nationwide COVID-19 Lockdown Announcement,policy,India,IN,2020-03-24,2020-04-15,2020-03-24,1.0,index scale 0-1,Government announced a comprehensive 21-day nationwide lockdown shutting non-essential manufacturing, commercial travel, and retail activity.,Unprecedented cessation of economic activity prompted broad-based selloffs in equities, credit spreads widening, and currency pressure.,equities|banking|currency,^NSEI|^NSEBANK|INR=X,train,NDMA Order / PIB,https://www.pib.gov.in/
wheat_export_ban_2022,India Imposes Ban on Wheat Exports,policy,India,IN,2022-05-13,2022-05-25,2022-05-13,0.5,index scale 0-1,Directorate General of Foreign Trade prohibited wheat exports with immediate effect following spring heatwave damage to safeguard domestic food security.,Export curbs stabilized domestic flour prices, limiting export margin upside for agribusiness exporters and commodity trading firms.,agribusiness|fmcg,ITC.NS|^CNXFMCG,train,DGFT Notification,https://dgft.gov.in/
rice_export_ban_2023,India Prohibits Non-Basmati White Rice Exports,policy,India,IN,2023-07-20,2023-08-05,2023-07-20,0.6,index scale 0-1,Government prohibited exports of non-basmati white rice to check domestic retail price rises and ensure adequate food supply after erratic monsoon start.,International rice prices climbed to multi-year highs while domestic rice processing and exporting companies faced export volume contractions.,rice_exporters|agri,KRBL.NS|LTFOODS.NS,holdout,DGFT Notification,https://dgft.gov.in/
