text,label
HDFC Bank Q2 profit rises 18% and beats estimates,positive
Infosys raises full-year revenue guidance after strong deal wins,positive
Tata Motors shares surge as JLR sales hit a record,positive
RBI cuts repo rate by 25 bps to support growth,positive
Sensex jumps 900 points as foreign investors return,positive
UPL wins regulatory approval for new crop-protection range,positive
ITC posts best-ever quarterly cigarette volumes,positive
Coal India output rises 12% year on year in September,positive
NTPC commissions 1 GW of new solar capacity ahead of schedule,positive
Bazaar mein tezi: Sensex 800 ank chadha,positive
Reliance shares slip as crude rally squeezes refining margins,negative
Coal India output falls in September on heavy rain,negative
Paradip port suspends operations ahead of cyclone,negative
Adani Ports shares tumble after cyclone disrupts Mundra operations,negative
ONGC profit drops 30% on lower crude realisations,negative
Sensex crashes 1200 points as global markets sell off,negative
SEBI bans brokerage firm over client fund misuse,negative
HUL cuts volume outlook as rural demand weakens,negative
Monsoon deficit widens to 22%; kharif sowing lags,negative
Sensex aaj 500 ank gir gaya; bazaar mein girawat,negative
Nifty ends flat as investors await RBI policy,neutral
RBI keeps repo rate unchanged at 5.5% as expected,neutral
ITC to announce quarterly results on October 24,neutral
NTPC board to meet next week to consider fundraising,neutral
Markets closed on Monday for Gandhi Jayanti,neutral
HDFC Bank appoints new chief risk officer,neutral
Government releases September GST collection data on Friday,neutral
ONGC schedules analyst call after quarterly numbers,neutral
IMD to update monsoon forecast at month end,neutral
Reliance AGM date announced for next month,neutral
